ASN,ConnectionType,CountryCode,DNSResolver,IPAddress,Network,ProbeID,TestDateTime,IPTarget,rtt1,rtt2,rtt3,avg_rtt
8452,Unknown,EG,,196.218.127.141,TE Data,0ad62192-a48a-406b-9c07-d0e84862d561,/Date(1561724996398+0000)/,1.1.1.1,24,24,24,24
8452,adsl,EG,,197.58.63.169,TE Data,cbe174ea-e115-4e83-b52f-602a77c90382,/Date(1561724996528+0000)/,1.1.1.1,26,26,26,26
8452,WIFI,EG,156.200.40.42,197.45.9.159,TE Data,c08121c2-2ab4-4d21-b992-4fb2b56ee64f,/Date(1561724997245+0000)/,1.1.1.1,60,55,53,56
8452,WIFI,EG,163.121.128.214,156.209.138.168,TE Data,f5e795a7-e1ba-49ab-8d63-672cdf54d98c,/Date(1561724997591+0000)/,1.1.1.1,56,182,57,98
36992,WIFI,EG,62.140.79.238,41.176.200.45,Etisalat Misr,8ce26433-7e3f-4aa1-9ba7-9111ee5838b9,/Date(1561724998094+0000)/,1.1.1.1,41,40,49,43
8452,WIFI,EG,156.200.40.66,197.32.174.165,TE Data,f87ea5a0-0848-484f-a64c-ca212f775c4d,/Date(1561725002172+0000)/,1.1.1.1,63,41,71,58
8452,WIFI,EG,172.253.14.3,41.40.225.211,TE Data,8e143351-09d2-4c64-9f57-336f16d08813,/Date(1561725002862+0000)/,1.1.1.1,37,40,34,37
8452,WIFI,EG,163.121.128.206,41.35.56.224,TE Data,317a81c0-ca09-4d0f-bf7d-ceafb9e9b11d,/Date(1561725003605+0000)/,1.1.1.1,50,45,35,43
8452,WIFI,EG,156.200.40.66,41.45.90.251,TE Data,903e5e30-7b6e-48c8-a162-926c52295da6,/Date(1561725009336+0000)/,1.1.1.1,46,49,59,51
24863,Unknown,EG,,41.128.147.99,Link Egypt,4cdbdd32-4719-4bbf-8853-1bcd44977c16,/Date(1561724997693+0000)/,8.8.8.8,6,6,6,6
24835,WIFI,EG,62.240.113.124,197.133.49.137,Vodafone Egypt,aa0a8c05-5ed7-4166-84e2-3af6377bbf8c,/Date(1561724998663+0000)/,8.8.8.8,67,84,79,76
24835,WIFI,EG,62.240.113.124,41.68.138.182,Vodafone Egypt,c8d57421-84d4-4f88-913d-ce9609172064,/Date(1561725000344+0000)/,8.8.8.8,78,82,338,166
8452,WIFI,EG,163.121.128.206,156.220.196.13,TE Data,04875072-b164-40c5-9aeb-4b1cd432ae1a,/Date(1561725004625+0000)/,8.8.8.8,63,61,222,115
8452,WIFI,EG,156.200.40.66,197.32.107.X,TE Data,NONE,/Date(1561725006020+0000)/,8.8.8.8,201,192,194,195
8452,WIFI,EG,163.121.128.206,156.220.92.146,TE Data,99115235-5884-4ada-8204-c99505ec7904,/Date(1561725006954+0000)/,8.8.8.8,103,122,104,109
8452,WIFI,EG,163.121.128.206,41.35.56.224,TE Data,317a81c0-ca09-4d0f-bf7d-ceafb9e9b11d,/Date(1561725014042+0000)/,8.8.8.8,77,77,79,77
8452,WIFI,EG,163.121.128.214,156.209.138.168,TE Data,f5e795a7-e1ba-49ab-8d63-672cdf54d98c,/Date(1561725014150+0000)/,8.8.8.8,71,70,86,75
24835,WIFI,EG,62.240.113.124,102.186.90.234,Vodafone Egypt,08502e13-a0f7-4205-ac81-96870da75187,/Date(1561725014781+0000)/,8.8.8.8,82,174,392,216
8452,WIFI,EG,172.253.14.3,41.40.225.211,TE Data,8e143351-09d2-4c64-9f57-336f16d08813,/Date(1561725018942+0000)/,8.8.8.8,68,67,69,68
24835,WIFI,EG,62.240.113.124,102.186.90.234,Vodafone Egypt,08502e13-a0f7-4205-ac81-96870da75187,/Date(1561724999782+0000)/,9.9.9.9,45,45,43,44
8452,WIFI,EG,156.200.40.66,197.32.174.165,TE Data,f87ea5a0-0848-484f-a64c-ca212f775c4d,/Date(1561725000125+0000)/,9.9.9.9,407,202,100,236
8452,WIFI,EG,163.121.128.206,156.220.196.13,TE Data,04875072-b164-40c5-9aeb-4b1cd432ae1a,/Date(1561725002550+0000)/,9.9.9.9,205,857,778,613
8452,WIFI,EG,172.253.14.3,41.40.225.211,TE Data,8e143351-09d2-4c64-9f57-336f16d08813,/Date(1561725004397+0000)/,9.9.9.9,97,94,102,97
8452,WIFI,EG,163.121.128.206,41.35.56.224,TE Data,317a81c0-ca09-4d0f-bf7d-ceafb9e9b11d,/Date(1561725004460+0000)/,9.9.9.9,94,94,97,95
24835,WIFI,EG,62.240.113.124,41.68.138.182,Vodafone Egypt,c8d57421-84d4-4f88-913d-ce9609172064,/Date(1561725005796+0000)/,9.9.9.9,498,823,464,595
36992,WIFI,EG,62.140.79.238,41.176.200.45,Etisalat Misr,8ce26433-7e3f-4aa1-9ba7-9111ee5838b9,/Date(1561725005969+0000)/,9.9.9.9,100,97,297,164
24835,WIFI,EG,62.240.113.124,197.133.49.137,Vodafone Egypt,aa0a8c05-5ed7-4166-84e2-3af6377bbf8c,/Date(1561725006206+0000)/,9.9.9.9,18,36,24,26
36992,WIFI,EG,62.140.102.102,154.237.69.67,Etisalat Misr,33b0a652-d974-4b49-acd3-719ec5fc2ae5,/Date(1561725007963+0000)/,9.9.9.9,92,91,108,97
8452,WIFI,EG,156.200.40.66,41.45.90.251,TE Data,903e5e30-7b6e-48c8-a162-926c52295da6,/Date(1561725008289+0000)/,9.9.9.9,181,106,101,129
29571,"Wireless80211,Tunnel",CI,74.125.47.3,160.120.130.186,Orange Cote d'Ivoire,60e149b0-7b44-4d49-a080-5f11dd8ea101,/Date(1561725012183+0000)/,1.1.1.1,611,820,814,748
37461,WIFI,GN,197.149.225.10,197.149.221.87,Orange Guinee,c68000c4-c84f-40bd-a233-0d087876bafe,/Date(1561725016724+0000)/,1.1.1.1,391,192,228,270
37461,WIFI,GN,197.149.225.10,197.149.221.87,Orange Guinee,c68000c4-c84f-40bd-a233-0d087876bafe,/Date(1561725016721+0000)/,8.8.8.8,344,166,486,332
37461,WIFI,GN,197.149.225.10,197.149.221.87,Orange Guinee,c68000c4-c84f-40bd-a233-0d087876bafe,/Date(1561725016083+0000)/,9.9.9.9,331,211,498,346
37645,cable,AO,,129.122.223.103,ZAP-Angola,1458129e-8b3d-408f-bb94-02360bbab403,/Date(1561725014916+0000)/,1.1.1.1,2,2,2,2
37645,cable,AO,,129.122.223.103,ZAP-Angola,1458129e-8b3d-408f-bb94-02360bbab403,/Date(1561725015448+0000)/,8.8.8.8,56,56,56,56
37645,cable,AO,,129.122.223.103,ZAP-Angola,1458129e-8b3d-408f-bb94-02360bbab403,/Date(1561725015935+0000)/,9.9.9.9,3,3,3,3
327802,Wireless80211,TD,,154.73.166.26,Millicom-chad,8c27c5a6-c894-402e-9c09-8d27434cb33a,/Date(1561725024956+0000)/,1.1.1.1,51,49,84,61
30990,Unknown,DJ,,196.201.202.76,Djibouti Telecom S.A.,b7c5d3b2-36cc-4f61-8d42-319d01964bbb,/Date(1561725027332+0000)/,1.1.1.1,23,8,5,12
30990,Unknown,DJ,,196.201.202.76,Djibouti Telecom S.A.,b7c5d3b2-36cc-4f61-8d42-319d01964bbb,/Date(1561725028511+0000)/,9.9.9.9,73,68,73,71
14988,Ethernet,BW,173.194.169.6,168.167.36.253,This is an allocation to BTCL,9f3f7ca6-5c37-4e7f-af84-162b3b6bb5e4,/Date(1561725034444+0000)/,1.1.1.1,14,14,14,14
36903,WIFI,MA,81.192.17.18,105.156.129.104,Maroc Telecom,797d66b9-7128-4d44-81d4-f880e887acde,/Date(1561725035835+0000)/,1.1.1.1,73,73,70,72
36903,WIFI,MA,81.192.17.86,196.217.97.176,Maroc Telecom,41208e5f-88d2-42ad-9a6a-0b70a330bb31,/Date(1561725036067+0000)/,1.1.1.1,57,64,61,60
36903,WIFI,MA,81.192.17.18,160.176.75.48,Maroc Telecom ADSL,a927a7c9-add3-426b-9512-ad8c3e40379f,/Date(1561725043535+0000)/,1.1.1.1,65,76,81,74
36903,WIFI,MA,81.192.17.86,196.65.23.51,Maroc Telecom,24b96608-66f3-42a6-9079-cb0ca2457862,/Date(1561725045337+0000)/,1.1.1.1,355,440,454,416
36925,WIFI,MA,172.253.14.4,41.249.189.41,Fixed B2B and Residential Orange Maroc Customers,2dba4aef-be59-4756-9c77-27e60e55ae27,/Date(1561725045724+0000)/,1.1.1.1,3,8,3,4
36903,WIFI,MA,81.192.17.18,105.158.64.100,Maroc Telecom,9db0d83c-a78c-4cff-bbf7-640afa3822b5,/Date(1561725045929+0000)/,1.1.1.1,68,82,72,74
36903,WIFI,MA,81.192.17.26,41.143.142.89,Maroc Telecom,3fa9b542-be7d-4999-93b8-4ee8f6c7e5d3,/Date(1561725047782+0000)/,1.1.1.1,1026,173,168,455
36903,WIFI,MA,81.192.17.86,105.156.254.186,Maroc Telecom,415dd22f-f0db-492a-b45e-99657df62252,/Date(1561725049138+0000)/,1.1.1.1,60,57,115,77
36903,WIFI,MA,81.192.17.90,41.250.178.115,Maroc Telecom,77b29b49-ace0-488f-84da-7abd7e70e6f2,/Date(1561725049230+0000)/,1.1.1.1,33,32,32,32
36903,WIFI,MA,81.192.17.18,41.250.220.185,Maroc Telecom,0d6b117e-5e7a-44a8-974f-3378b8bae7e0,/Date(1561725055502+0000)/,1.1.1.1,32,32,43,35
36903,WIFI,MA,81.192.17.82,196.74.224.242,Maroc Telecom,af491404-780d-4e03-8458-89351c70db43,/Date(1561725044428+0000)/,8.8.8.8,90,101,92,94
36903,WIFI,MA,81.192.17.26,41.141.14.136,Maroc Telecom,e04a55f0-74e7-4e90-9289-516cd598ccd3,/Date(1561725048963+0000)/,8.8.8.8,63,66,66,65
36903,WIFI,MA,81.192.17.86,196.65.23.51,Maroc Telecom,24b96608-66f3-42a6-9079-cb0ca2457862,/Date(1561725049727+0000)/,8.8.8.8,609,190,289,362
6713,Ethernet,MA,81.192.17.18,196.92.5.102,Maroc Telecom,98156c23-0e8a-49fd-8884-7951b96c3cb6,/Date(1561725051315+0000)/,8.8.8.8,33,31,33,32
36903,WIFI,MA,81.192.17.18,196.74.178.85,Maroc Telecom,9c9ff5b8-3093-4d8e-91b1-9ebac6a0d734,/Date(1561725061833+0000)/,8.8.8.8,68,65,221,118
36903,Wireless80211,MA,81.192.17.26,41.142.174.223,Maroc Telecom,6f3f1dbe-f0a4-4eb9-864e-fad9d819db4b,/Date(1561725063991+0000)/,8.8.8.8,295,289,297,293
36903,WIFI,MA,81.192.17.18,41.142.75.47,Maroc Telecom,c01d3dd8-4129-489c-aacf-a7a241bf9198,/Date(1561725066097+0000)/,8.8.8.8,54,73,70,65
36903,WIFI,MA,81.192.17.86,41.251.97.125,Maroc Telecom,1cb85bf1-bf6c-4ace-aed7-8872d5bf497c,/Date(1561725066799+0000)/,8.8.8.8,96,108,112,105
36903,WIFI,MA,81.192.17.90,160.178.185.183,Maroc Telecom ADSL,d5191903-fe23-4a9c-8be5-cf28f96a1ec5,/Date(1561725068718+0000)/,8.8.8.8,58,58,69,61
36903,fiber,MA,,160.177.162.102,Maroc Telecom ADSL,861da993-58de-4234-bb26-2d4e30693130,/Date(1561725036150+0000)/,9.9.9.9,54,54,54,54
36925,WIFI,MA,172.253.14.4,160.178.81.219,Fixed B2B and Residential Orange Maroc Customers,2dba4aef-be59-4756-9c77-27e60e55ae27,/Date(1561725037018+0000)/,9.9.9.9,65,61,86,70
36903,WIFI,MA,81.192.17.18,105.158.64.100,Maroc Telecom,9db0d83c-a78c-4cff-bbf7-640afa3822b5,/Date(1561725037083+0000)/,9.9.9.9,87,107,104,99
36925,WIFI,MA,197.230.202.129,197.247.51.28,Orange Morocco,977a8934-cae8-4314-9dcd-925515fd32f8,/Date(1561725037125+0000)/,9.9.9.9,68,65,62,65
36903,WIFI,MA,81.192.17.22,196.89.236.190,Maroc Telecom,a6f62d82-451c-417f-8b35-5fe425c05cf9,/Date(1561725037252+0000)/,9.9.9.9,93,98,94,95
36903,WIFI,MA,81.192.17.86,196.65.20.137,Maroc Telecom,e0caf504-7f5c-4f6c-87db-8b0e73fd9d2c,/Date(1561725037453+0000)/,9.9.9.9,94,354,275,241
36903,Wireless80211,MA,81.192.17.82,196.74.228.158,Maroc Telecom,5a99a7f5-8020-4ce8-a94c-90a98021d060,/Date(1561725039520+0000)/,9.9.9.9,173,144,,158
36903,WIFI,MA,81.192.17.18,105.157.142.50,Maroc Telecom,8a555b9c-1e95-4809-bfde-ade7c72e4a5a,/Date(1561725039839+0000)/,9.9.9.9,78,81,579,246
36903,WIFI,MA,81.192.17.90,105.155.183.204,Maroc Telecom,32c9d3bc-403c-4ce8-ac36-372d2c92d380,/Date(1561725039901+0000)/,9.9.9.9,110,368,129,202
36903,WIFI,MA,81.192.17.22,41.142.85.4,Maroc Telecom,1b6a0dcb-6b52-44c5-9813-1d5efb2e93b4,/Date(1561725045568+0000)/,9.9.9.9,103,148,123,124
37211,"Ethernet,Ethernet",SD,162.158.82.196,196.223.156.192,Max-net-for-internet-services,1a512351-8fbe-440f-8ea2-fcaf222c3111,/Date(1561725038203+0000)/,1.1.1.1,125,124,124,124
37211,"Ethernet,Ethernet",SD,162.158.82.196,196.223.156.192,Max-net-for-internet-services,1a512351-8fbe-440f-8ea2-fcaf222c3111,/Date(1561725041503+0000)/,8.8.8.8,107,114,111,110
37211,"Ethernet,Ethernet",SD,162.158.82.196,196.223.156.192,Max-net-for-internet-services,1a512351-8fbe-440f-8ea2-fcaf222c3111,/Date(1561725044504+0000)/,9.9.9.9,104,125,111,113
37705,WIFI,TN,172.253.14.3,102.156.19.79,TOPNET,eea4660a-5242-4791-bfd8-2c09f7b9940c,/Date(1561725038946+0000)/,1.1.1.1,45,52,52,49
37705,WIFI,TN,172.253.11.1,197.0.168.89,TOPNET,7710bc78-42e7-42b7-ae06-74d209f471d0,/Date(1561725039097+0000)/,1.1.1.1,95,99,101,98
37705,WIFI,TN,172.253.11.4,102.159.16.242,TOPNET,99765873-08da-4194-95bb-736fc112b6cc,/Date(1561725041716+0000)/,1.1.1.1,100,139,57,98
37705,WIFI,TN,102.159.19.0,102.159.19.113,TOPNET,03c0d53b-6145-4d97-a707-41ac86510e08,/Date(1561725044248+0000)/,1.1.1.1,381,51,412,281
37705,WIFI,TN,41.226.16.50,197.1.27.224,TOPNET,4a8948ec-369f-4d4d-bcf2-78574497a592,/Date(1561725047524+0000)/,1.1.1.1,139,53,79,90
37705,WIFI,TN,41.226.16.50,197.0.129.32,TOPNET,24f1ca01-ebcf-4296-8f32-3e075fa7a799,/Date(1561725049066+0000)/,1.1.1.1,1897,1851,215,1321
2609,WIFI,TN,172.253.14.4,41.230.106.49,TOPNET,d611e9d3-abe5-48d2-81e8-dc92742c1328,/Date(1561725051225+0000)/,1.1.1.1,71,69,68,69
37705,WIFI,TN,197.0.226.0,197.0.226.84,TOPNET,97e75372-cf04-4d7a-84f8-15a22ea04891,/Date(1561725060949+0000)/,1.1.1.1,63,215,70,116
5438,WIFI,TN,212.73.224.145,41.225.162.124,ATI - Agence Tunisienne Internet,c9cc40bd-8d17-4b94-8331-394101d141ed,/Date(1561725061529+0000)/,1.1.1.1,132,83,74,96
37705,WIFI,TN,41.226.24.0,41.225.57.118,TOPNET,fcb4ba44-cb85-46cb-8874-1bfad7584cc4,/Date(1561725063034+0000)/,1.1.1.1,82,84,92,86
37705,WIFI,TN,41.226.16.50,197.2.151.29,TOPNET,74a81fb7-cecc-4359-b05a-10d3fd83de06,/Date(1561725039736+0000)/,8.8.8.8,168,33,47,82
37705,WIFI,TN,197.0.226.0,197.0.226.84,TOPNET,97e75372-cf04-4d7a-84f8-15a22ea04891,/Date(1561725041653+0000)/,8.8.8.8,26,32,32,30
37492,WIFI,TN,197.26.8.36,196.229.136.185,Orange Tunisie,afacf812-15fa-42aa-951e-57a45cd7e798,/Date(1561725042830+0000)/,8.8.8.8,47,52,154,84
37693,WIFI,TN,41.228.40.41,196.178.166.57,Ooredoo Tunisia,3dac5d73-9bc9-4a3f-9d2e-0f5677913f60,/Date(1561725042898+0000)/,8.8.8.8,177,162,159,166
5438,WIFI,TN,212.73.224.145,41.225.162.124,ATI - Agence Tunisienne Internet,c9cc40bd-8d17-4b94-8331-394101d141ed,/Date(1561725042986+0000)/,8.8.8.8,270,48,146,154
2609,WIFI,TN,172.253.12.2,41.230.95.102,TOPNET,61460d3a-cdc7-4726-93b1-cee22d470599,/Date(1561725043775+0000)/,8.8.8.8,77,58,69,68
2609,WIFI,TN,172.253.14.4,41.230.106.49,TOPNET,d611e9d3-abe5-48d2-81e8-dc92742c1328,/Date(1561725045898+0000)/,8.8.8.8,68,85,85,79
37671,WIFI,TN,193.95.59.24,41.225.64.90,Globalnet,7e546672-2933-4170-a35c-adff0d076de5,/Date(1561725047433+0000)/,8.8.8.8,99,162,51,104
37705,WIFI,TN,41.226.22.50,102.159.36.102,TOPNET,7bd409f8-3725-4408-a312-2de4d122ecf8,/Date(1561725048477+0000)/,8.8.8.8,217,170,161,182
2609,Ethernet,TN,193.95.66.53,197.10.128.5,Tunisie Telecom,0cd8db1a-1f3e-4d1d-aeb0-f29d165dcb5d,/Date(1561725049716+0000)/,8.8.8.8,,,,-1
2609,WIFI,TN,172.253.14.4,41.230.106.49,TOPNET,d611e9d3-abe5-48d2-81e8-dc92742c1328,/Date(1561725041680+0000)/,9.9.9.9,93,92,111,98
2609,WIFI,TN,172.253.14.4,197.14.118.141,TOPNET,3511cb38-f03f-4a4e-9c35-09cc403a3530,/Date(1561725043270+0000)/,9.9.9.9,57,59,62,59
37705,WIFI,TN,172.253.14.2,197.26.160.147,TOPNET,2236d354-f0a1-46ee-83c6-b705514e42f1,/Date(1561725043328+0000)/,9.9.9.9,88,86,85,86
37705,WIFI,TN,172.253.14.3,102.156.19.79,TOPNET,eea4660a-5242-4791-bfd8-2c09f7b9940c,/Date(1561725049654+0000)/,9.9.9.9,74,77,82,77
37705,WIFI,TN,197.0.226.0,197.0.226.84,TOPNET,97e75372-cf04-4d7a-84f8-15a22ea04891,/Date(1561725051739+0000)/,9.9.9.9,52,57,57,55
5438,WIFI,TN,212.73.224.145,41.225.162.124,ATI - Agence Tunisienne Internet,c9cc40bd-8d17-4b94-8331-394101d141ed,/Date(1561725051773+0000)/,9.9.9.9,78,219,72,123
37705,WIFI,TN,41.226.16.50,197.2.207.84,TOPNET,af3d6379-cf94-4efd-92a9-4808492ee30e,/Date(1561725054494+0000)/,9.9.9.9,92,76,85,84
37705,WIFI,TN,41.226.16.50,197.0.129.32,TOPNET,24f1ca01-ebcf-4296-8f32-3e075fa7a799,/Date(1561725056402+0000)/,9.9.9.9,113,156,237,168
37705,WIFI,TN,41.226.24.0,41.225.57.118,TOPNET,fcb4ba44-cb85-46cb-8874-1bfad7584cc4,/Date(1561725056992+0000)/,9.9.9.9,64,71,82,72
37705,WIFI,TN,41.226.22.50,102.159.36.102,TOPNET,7bd409f8-3725-4408-a312-2de4d122ecf8,/Date(1561725057054+0000)/,9.9.9.9,146,96,172,138
37203,Unknown,LR,,164.160.8.87,PowerNet Liberia,25707c2f-685b-4d41-bd3a-d23d5939a48d,/Date(1561725039339+0000)/,1.1.1.1,90,91,90,90
37203,Unknown,LR,,164.160.8.87,PowerNet Liberia,25707c2f-685b-4d41-bd3a-d23d5939a48d,/Date(1561725039814+0000)/,8.8.8.8,116,115,115,115
37203,Unknown,LR,,164.160.8.87,PowerNet Liberia,25707c2f-685b-4d41-bd3a-d23d5939a48d,/Date(1561725040377+0000)/,9.9.9.9,116,118,135,123
37682,Unknown,NG,,102.176.244.190,tizeti trois route,3226f126-e0e0-495b-b5fc-61f54684c56b,/Date(1561725045458+0000)/,1.1.1.1,6,5,11,7
36920,Unknown,NG,,197.157.219.44,KKON,52af3852-f90e-4716-afb5-839d8bf7da71,/Date(1561725045594+0000)/,1.1.1.1,105,117,101,107
36923,Ethernet,NG,8.0.26.135,41.58.57.65,SWIFTNG,87c9d1f1-b3f3-47b9-b652-6c7a665cf6f5,/Date(1561725046209+0000)/,1.1.1.1,15,26,28,23
37714,WIFI,NG,154.117.116.0,154.117.116.68,BITFLUX,ecdc28c1-d7e2-4aca-80fb-6082af1e5238,/Date(1561725050315+0000)/,1.1.1.1,147,144,147,146
37682,Unknown,NG,,102.176.244.190,tizeti trois route,3226f126-e0e0-495b-b5fc-61f54684c56b,/Date(1561725046037+0000)/,8.8.8.8,4,3,7,4
36920,Unknown,NG,,197.157.219.44,KKON,52af3852-f90e-4716-afb5-839d8bf7da71,/Date(1561725046194+0000)/,8.8.8.8,108,120,108,112
37714,WIFI,NG,154.117.116.0,154.117.116.68,BITFLUX,ecdc28c1-d7e2-4aca-80fb-6082af1e5238,/Date(1561725050376+0000)/,8.8.8.8,121,120,487,242
37682,Unknown,NG,,102.176.244.190,tizeti trois route,3226f126-e0e0-495b-b5fc-61f54684c56b,/Date(1561725046594+0000)/,9.9.9.9,122,122,121,121
36920,Unknown,NG,,197.157.219.44,KKON,52af3852-f90e-4716-afb5-839d8bf7da71,/Date(1561725046736+0000)/,9.9.9.9,105,105,102,104
36923,Ethernet,NG,8.0.26.135,41.58.57.65,SWIFTNG,87c9d1f1-b3f3-47b9-b652-6c7a665cf6f5,/Date(1561725049376+0000)/,9.9.9.9,17,31,27,25
37714,WIFI,NG,154.117.116.0,154.117.116.68,BITFLUX,ecdc28c1-d7e2-4aca-80fb-6082af1e5238,/Date(1561725050224+0000)/,9.9.9.9,199,187,199,195
8346,Wireless80211,SN,82.163.143.10,154.125.167.47,SONATEL Societe Nationale Des Telecommunications D,868ac648-3271-42f1-a936-e77b170b833f,/Date(1561725052193+0000)/,8.8.8.8,75,93,91,86
8346,Wireless80211,SN,82.163.143.10,154.125.167.47,SONATEL Societe Nationale Des Telecommunications D,868ac648-3271-42f1-a936-e77b170b833f,/Date(1561725057560+0000)/,9.9.9.9,97,84,84,88
36866,Unknown,KE,,41.222.8.164,Faiba,5f31e4b4-2e52-4a79-b629-d2879dd32fdd,/Date(1561725053656+0000)/,1.1.1.1,3,2,2,2
30844,fiber,KE,,41.72.207.30,Liquid Telecommunications Operations Limited,06f758af-a1be-4fa0-9c9d-506c471af39f,/Date(1561725053791+0000)/,1.1.1.1,56,56,56,56
30844,fiber,KE,,41.72.207.30,Liquid Telecommunications Operations Limited,06f758af-a1be-4fa0-9c9d-506c471af39f,/Date(1561725054084+0000)/,8.8.8.8,7,7,7,7
36866,Unknown,KE,,41.222.8.164,Faiba,5f31e4b4-2e52-4a79-b629-d2879dd32fdd,/Date(1561725054246+0000)/,8.8.8.8,3,3,3,3
37061,fiber,KE,,41.90.12.114,Safaricom,a4be008c-815b-4861-83ce-118965889591,/Date(1561725054403+0000)/,8.8.8.8,26,19,4,16
30844,fiber,KE,,41.72.207.30,Liquid Telecommunications Operations Limited,06f758af-a1be-4fa0-9c9d-506c471af39f,/Date(1561725054663+0000)/,9.9.9.9,9,9,9,9
36866,Unknown,KE,,41.222.8.164,Faiba,5f31e4b4-2e52-4a79-b629-d2879dd32fdd,/Date(1561725054797+0000)/,9.9.9.9,61,61,61,61
37061,fiber,KE,,41.90.12.114,Safaricom,a4be008c-815b-4861-83ce-118965889591,/Date(1561725054938+0000)/,9.9.9.9,70,50,51,57
23889,Unknown,MU,,102.112.14.190,MauritiusTelecom,cc5fe38c-36f6-4b4e-9b32-a9d674adc9cf,/Date(1561725057007+0000)/,1.1.1.1,2,2,2,2
23889,Unknown,MU,,102.112.14.190,MauritiusTelecom,cc5fe38c-36f6-4b4e-9b32-a9d674adc9cf,/Date(1561725057272+0000)/,8.8.8.8,37,37,37,37
23889,Unknown,MU,,102.112.14.190,MauritiusTelecom,cc5fe38c-36f6-4b4e-9b32-a9d674adc9cf,/Date(1561725057678+0000)/,9.9.9.9,2,2,2,2
21351,Unknown,RE,,154.67.78.118,Mediaserv,7f5b2006-2507-483a-95e9-74ac40bd5a9b,/Date(1561725061607+0000)/,1.1.1.1,30,31,30,30
21351,Unknown,RE,,154.67.78.118,Mediaserv,7f5b2006-2507-483a-95e9-74ac40bd5a9b,/Date(1561725062268+0000)/,8.8.8.8,76,76,76,76
21351,Unknown,RE,,154.67.78.118,Mediaserv,7f5b2006-2507-483a-95e9-74ac40bd5a9b,/Date(1561725063048+0000)/,9.9.9.9,235,236,236,235
37228,WIFI,RW,172.253.14.2,105.178.32.61,Olleh-Rwanda-Networks,397c4871-ad4d-4ac6-861a-90d742c814a7,/Date(1561725195728+0000)/,1.1.1.1,179,192,188,186
37228,WIFI,RW,172.253.14.2,105.178.32.61,Olleh-Rwanda-Networks,397c4871-ad4d-4ac6-861a-90d742c814a7,/Date(1561725196228+0000)/,8.8.8.8,96,112,90,99
37228,WIFI,RW,172.253.14.2,105.178.32.61,Olleh-Rwanda-Networks,397c4871-ad4d-4ac6-861a-90d742c814a7,/Date(1561725197563+0000)/,9.9.9.9,92,110,100,100
20294,fiber,UG,,41.210.164.186,MTN Uganda,bb8e05fe-044a-4847-b534-629f85bcb2f5,/Date(1561725068883+0000)/,1.1.1.1,66,64,64,64
327724,"Wireless80211,Tunnel",UG,154.72.192.22,154.72.195.106,National Information Technology Authority Uganda,5047a02c-5ae3-4186-abc0-fcdc64b50915,/Date(1561725076670+0000)/,1.1.1.1,,,,-1
20294,fiber,UG,,41.210.164.186,MTN Uganda,bb8e05fe-044a-4847-b534-629f85bcb2f5,/Date(1561725069519+0000)/,8.8.8.8,167,165,165,165
327724,"Wireless80211,Tunnel",UG,154.72.192.22,154.72.195.106,National Information Technology Authority Uganda,5047a02c-5ae3-4186-abc0-fcdc64b50915,/Date(1561725082417+0000)/,8.8.8.8,322,,,322
20294,fiber,UG,,41.210.164.186,MTN Uganda,bb8e05fe-044a-4847-b534-629f85bcb2f5,/Date(1561725070091+0000)/,9.9.9.9,4,4,4,4
327724,"Wireless80211,Tunnel",UG,154.72.192.22,154.72.195.106,National Information Technology Authority Uganda,5047a02c-5ae3-4186-abc0-fcdc64b50915,/Date(1561725088901+0000)/,9.9.9.9,,,,-1
36996,Unknown,NA,,197.188.222.152,Telecom Namibia,e71d36ba-357c-488b-bc35-7a0e4ff5ae29,/Date(1561725072824+0000)/,1.1.1.1,194,180,183,185
36996,Unknown,NA,,197.188.222.152,Telecom Namibia,e71d36ba-357c-488b-bc35-7a0e4ff5ae29,/Date(1561725073173+0000)/,8.8.8.8,71,73,68,70
37315,Unknown,ZA,,197.234.144.136,CipherWave,71224795-00ba-4f90-a7d8-ba4b0192c9c0,/Date(1561725076068+0000)/,1.1.1.1,2,2,2,2
327984,Unknown,ZA,,102.176.197.122,Fibrestream PTY LTD,b8dc64bb-c6a0-435f-9ab9-4a29b593c9fd,/Date(1561725076225+0000)/,1.1.1.1,3,3,3,3
37680,fiber,ZA,,102.132.171.36,Cool-ideas,73cd5e83-343c-47a4-9172-82bfa040cd41,/Date(1561725076368+0000)/,1.1.1.1,3,3,3,3
10474,adsl,ZA,,197.89.130.127,MWEB,41e06067-e06d-4256-a5b2-91592122b71f,/Date(1561725076504+0000)/,1.1.1.1,29,26,27,27
328453,other,ZA,,102.65.214.165,Webafrica-ADSL,9453ebe9-a958-4d30-a561-e9fc5adca4aa,/Date(1561725076629+0000)/,1.1.1.1,4,4,4,4
10474,WIFI,ZA,196.28.182.21,197.88.123.41,MWEB,885ea80a-fee3-4842-9d04-5854d683659a,/Date(1561725078540+0000)/,1.1.1.1,32,125,159,105
37680,fiber,ZA,,102.132.242.109,Cool-ideas,92fd4d47-d649-4eb8-abeb-cc5a1a85059e,/Date(1561725081069+0000)/,1.1.1.1,1,1,1,1
327901,Unknown,ZA,,102.141.131.183,Level-7 Internet PTY LTD,37759804-87cf-40a1-b535-d623af412e4c,/Date(1561725081197+0000)/,1.1.1.1,28,46,17,30
37317,WIFI,ZA,41.78.220.10,102.128.96.222,Access Global Fibre,1ef15ccb-de9c-489e-be37-cb492fe8a121,/Date(1561725082683+0000)/,1.1.1.1,10,20,19,16
10474,Unknown,ZA,,41.133.136.143,MWEB,5e04bf33-5b4f-4f53-bda1-36a7f4cf1170,/Date(1561725091269+0000)/,1.1.1.1,42,42,42,42
11845,Unknown,ZA,,197.245.147.113,Vox Telecom DSL Customer Base,d94c61b2-604c-4d75-8804-37149d5f4ce3,/Date(1561725076829+0000)/,8.8.8.8,3,3,3,3
22355,fiber,ZA,,41.85.9.253,FROGFOOT,fa1f8f8d-ef1e-47f5-9c74-df4a03ae2331,/Date(1561725076973+0000)/,8.8.8.8,21,20,20,20
11845,Unknown,ZA,,197.245.204.197,Vox-Telecom,63655cb3-877b-46db-8b80-ff3b5cd464e3,/Date(1561725077107+0000)/,8.8.8.8,2,2,1,1
11845,fiber,ZA,,197.245.235.42,Vox Telecom,61b616ea-36e0-4d7e-9922-fbbba8f0d38c,/Date(1561725077236+0000)/,8.8.8.8,22,21,21,21
174,Unknown,ZA,,38.125.55.93,Cogent Communications,788763d0-9b03-4753-ab38-8cc86842bd0b,/Date(1561725077407+0000)/,8.8.8.8,287,282,284,284
37457,WIFI,ZA,196.43.54.229,105.184.249.27,Telkom Internet,f1c6f5e3-22c3-42c3-b488-184b5a24284d,/Date(1561725078203+0000)/,8.8.8.8,40,37,37,38
327808,WIFI,ZA,74.125.73.83,165.16.249.225,Tesuco-Telecommunications,f7f1c9e6-4387-4caa-9349-e7494834a1f1,/Date(1561725080220+0000)/,8.8.8.8,4,3,3,3
37168,WIFI,ZA,41.48.5.100,105.0.1.89,Neotel Ggsn,f728c994-32bf-410d-aa0f-69cbc5c2d23a,/Date(1561725080620+0000)/,8.8.8.8,171,171,62,134
5713,Unknown,ZA,,165.165.149.144,Telkom Internet,6027e61f-8c6e-4222-8156-d845edf9f671,/Date(1561725081628+0000)/,8.8.8.8,16,38,18,24
36994,fiber,ZA,,105.246.60.103,Vodacom Business,022ced5e-a16c-4f2e-b15f-ac90bf2ffeb5,/Date(1561725081786+0000)/,8.8.8.8,34,32,34,33
11845,Unknown,ZA,,197.245.147.113,Vox Telecom DSL Customer Base,d94c61b2-604c-4d75-8804-37149d5f4ce3,/Date(1561725077624+0000)/,9.9.9.9,4,3,3,3
11845,fiber,ZA,,197.245.235.42,Vox Telecom,61b616ea-36e0-4d7e-9922-fbbba8f0d38c,/Date(1561725077754+0000)/,9.9.9.9,2,3,2,2
37680,fiber,ZA,,102.132.171.36,Cool-ideas,73cd5e83-343c-47a4-9172-82bfa040cd41,/Date(1561725077881+0000)/,9.9.9.9,12,12,11,11
328453,other,ZA,,102.65.214.165,Webafrica-ADSL,9453ebe9-a958-4d30-a561-e9fc5adca4aa,/Date(1561725078020+0000)/,9.9.9.9,4,4,3,3
10474,Unknown,ZA,,41.133.136.143,MWEB,5e04bf33-5b4f-4f53-bda1-36a7f4cf1170,/Date(1561725078156+0000)/,9.9.9.9,46,42,42,43
174,Unknown,ZA,,38.125.55.93,Cogent Communications,788763d0-9b03-4753-ab38-8cc86842bd0b,/Date(1561725078289+0000)/,9.9.9.9,285,278,278,280
5713,Unknown,ZA,,165.165.149.144,Telkom Internet,6027e61f-8c6e-4222-8156-d845edf9f671,/Date(1561725078440+0000)/,9.9.9.9,205,212,203,206
37680,fiber,ZA,,102.132.242.109,Cool-ideas,92fd4d47-d649-4eb8-abeb-cc5a1a85059e,/Date(1561725082014+0000)/,9.9.9.9,2,1,1,1
37457,WIFI,ZA,196.43.53.229,105.226.50.98,Telkom Internet,a0a8e722-4be4-44d7-ad44-b84b5a00d43b,/Date(1561725082113+0000)/,9.9.9.9,54,98,274,142
10474,adsl,ZA,,197.89.130.127,MWEB,41e06067-e06d-4256-a5b2-91592122b71f,/Date(1561725082140+0000)/,9.9.9.9,28,26,26,26
36947,Ethernet,DZ,41.110.30.2,197.204.34.151,Algerie Telecom,dfb13a42-3327-46bf-9aef-b62b4ca784c8,/Date(1561725077981+0000)/,1.1.1.1,41,40,40,40
33779,WIFI,DZ,105.235.139.249,105.235.136.75,wataniya-telecom,9676798c-5c31-410b-89c3-c0515c74a583,/Date(1561725078706+0000)/,1.1.1.1,81,80,73,78
36947,Wireless80211,DZ,41.110.30.2,41.102.162.30,Algerie Telecom,d3194901-b17f-4f88-8f6f-91bbfb33f156,/Date(1561725078755+0000)/,1.1.1.1,131,62,57,83
36947,WIFI,DZ,41.110.32.2,41.109.84.208,Algerie Telecom,2f18d17e-f5f2-4d5a-af2e-31681b2cc431,/Date(1561725080609+0000)/,1.1.1.1,145,122,171,146
33779,Wireless80211,DZ,83.231.151.145,105.235.137.35,wataniya-telecom,90094f21-5fec-4966-a2f0-61ca9f3bd00b,/Date(1561725083211+0000)/,1.1.1.1,80,85,113,92
36947,Ethernet,DZ,41.110.32.2,105.98.68.187,Algerie Telecom,971dcc32-5540-4c0c-aa2d-69e5b6c20f16,/Date(1561725083242+0000)/,1.1.1.1,54,51,51,52
36947,Wireless80211,DZ,41.110.32.2,41.102.2.116,Algerie Telecom,393fa5ce-b348-4158-a523-62d32800ed46,/Date(1561725083344+0000)/,1.1.1.1,71,70,70,70
36947,Wireless80211,DZ,41.110.30.2,105.103.49.116,Algerie Telecom,32e01261-8150-44f9-9cc0-406f22ffbe73,/Date(1561725084687+0000)/,1.1.1.1,49,,47,48
36947,Ethernet,DZ,41.110.32.2,197.204.31.249,Algerie Telecom,21e3a6c7-6e45-4657-9864-b246dec57856,/Date(1561725085596+0000)/,1.1.1.1,187,302,99,196
36947,Wireless80211,DZ,41.110.30.2,105.108.76.29,Algerie Telecom,5cf89560-641c-45b4-b29d-d4e8d3ed7487,/Date(1561725086670+0000)/,1.1.1.1,82,72,67,73
36947,Wireless80211,DZ,41.110.30.2,105.108.76.29,Algerie Telecom,5cf89560-641c-45b4-b29d-d4e8d3ed7487,/Date(1561725080901+0000)/,8.8.8.8,50,49,65,54
36947,Ethernet,DZ,41.110.32.2,197.204.31.249,Algerie Telecom,21e3a6c7-6e45-4657-9864-b246dec57856,/Date(1561725081770+0000)/,8.8.8.8,211,45,138,131
36947,WIFI,DZ,41.110.30.2,105.104.145.118,Algerie Telecom,efbe6ef1-9bb3-4e64-b5ee-881a9f73aade,/Date(1561725083110+0000)/,8.8.8.8,62,69,120,83
36947,Ethernet,DZ,41.110.30.2,105.100.24.126,Algerie Telecom,e879f53f-ce49-417d-ba66-edf0a6bfc6de,/Date(1561725083153+0000)/,8.8.8.8,50,48,49,49
36947,Wireless80211,DZ,41.110.30.2,41.102.162.30,Algerie Telecom,d3194901-b17f-4f88-8f6f-91bbfb33f156,/Date(1561725083270+0000)/,8.8.8.8,51,93,64,69
36947,WIFI,DZ,41.110.32.2,41.109.41.121,Algerie Telecom,fb202c19-a7e7-4a09-b783-23f43a8978be,/Date(1561725083326+0000)/,8.8.8.8,34,35,34,34
36947,Ethernet,DZ,41.110.30.2,197.204.34.151,Algerie Telecom,dfb13a42-3327-46bf-9aef-b62b4ca784c8,/Date(1561725083566+0000)/,8.8.8.8,34,34,35,34
36947,Ethernet,DZ,41.110.32.2,105.98.68.187,Algerie Telecom,971dcc32-5540-4c0c-aa2d-69e5b6c20f16,/Date(1561725085811+0000)/,8.8.8.8,83,35,35,51
33779,Wireless80211,DZ,83.231.151.145,105.235.137.35,wataniya-telecom,90094f21-5fec-4966-a2f0-61ca9f3bd00b,/Date(1561725086097+0000)/,8.8.8.8,80,88,85,84
36947,Wireless80211,DZ,41.110.32.2,41.102.2.116,Algerie Telecom,393fa5ce-b348-4158-a523-62d32800ed46,/Date(1561725086546+0000)/,8.8.8.8,59,58,57,58
36947,Ethernet,DZ,41.110.30.2,105.100.24.126,Algerie Telecom,e879f53f-ce49-417d-ba66-edf0a6bfc6de,/Date(1561725078864+0000)/,9.9.9.9,80,78,79,79
36947,Unknown,DZ,,105.99.16.70,Algerie Telecom,d88b829c-8a22-401a-b4c5-6176433a7bcc,/Date(1561725079027+0000)/,9.9.9.9,76,76,133,95
36947,Unknown,DZ,,41.109.127.65,Algerie Telecom,48541d31-54e5-467a-9f1b-65376e205e67,/Date(1561725079175+0000)/,9.9.9.9,87,86,87,86
36947,WIFI,DZ,172.253.11.4,105.105.3.85,Algerie Telecom,f39e7f5a-bfcc-4d88-9fb1-05c97345fad4,/Date(1561725079215+0000)/,9.9.9.9,298,95,110,167
33779,Wireless80211,DZ,83.231.151.145,105.235.137.35,wataniya-telecom,90094f21-5fec-4966-a2f0-61ca9f3bd00b,/Date(1561725079853+0000)/,9.9.9.9,129,145,425,233
36947,WIFI,DZ,41.110.31.2,41.107.111.170,Algerie Telecom,9a995aa8-69eb-412c-b756-1a2e7dd24871,/Date(1561725080418+0000)/,9.9.9.9,106,88,87,93
36947,Ethernet,DZ,41.110.30.2,197.204.34.151,Algerie Telecom,dfb13a42-3327-46bf-9aef-b62b4ca784c8,/Date(1561725080562+0000)/,9.9.9.9,71,71,72,71
36947,"Wireless80211,Ethernet",DZ,,41.107.220.110,Algerie Telecom,6a421a25-5391-4770-9a3b-260f30a3eaea,/Date(1561725085146+0000)/,9.9.9.9,189,,289,239
36947,Wireless80211,DZ,41.110.30.2,41.102.162.30,Algerie Telecom,d3194901-b17f-4f88-8f6f-91bbfb33f156,/Date(1561725086344+0000)/,9.9.9.9,84,79,110,91
36947,Ethernet,DZ,41.110.32.2,105.98.68.187,Algerie Telecom,971dcc32-5540-4c0c-aa2d-69e5b6c20f16,/Date(1561725088494+0000)/,9.9.9.9,92,91,92,91
37463,Unknown,CD,,169.255.120.126,MTN Congo,1560108c-2025-4eb0-8340-b7383d88edcb,/Date(1561725085599+0000)/,1.1.1.1,167,163,167,165
37463,Unknown,CD,,169.255.120.126,MTN Congo,1560108c-2025-4eb0-8340-b7383d88edcb,/Date(1561725086260+0000)/,8.8.8.8,161,155,159,158
37463,Unknown,CD,,169.255.120.126,MTN Congo,1560108c-2025-4eb0-8340-b7383d88edcb,/Date(1561725086876+0000)/,9.9.9.9,177,167,166,170
328026,Ethernet,ZM,164.160.13.0,164.160.12.22,Mobile-broadband,e75edb01-0fd0-498f-b183-a4a75abc6661,/Date(1561725094714+0000)/,1.1.1.1,43,34,38,38
328026,Ethernet,ZM,164.160.13.0,164.160.12.22,Mobile-broadband,e75edb01-0fd0-498f-b183-a4a75abc6661,/Date(1561725101570+0000)/,8.8.8.8,65,70,56,63
328026,Ethernet,ZM,164.160.13.0,164.160.12.22,Mobile-broadband,e75edb01-0fd0-498f-b183-a4a75abc6661,/Date(1561725107571+0000)/,9.9.9.9,65,62,63,63
