testid,cc,server,probeid
111b8ddd-f7bb-48ec-8c0d-f429442f3d42,,163.121.128.206,3d304500-4408-4aa3-94df-85b02a2cfd52
62a21be3-a1b9-47c9-87b6-4e6ab71febc3,,156.200.40.42,5fcec0e0-8343-4130-8884-60971ef7d85a
4a3c10da-55f6-43bb-b1f8-e022d41c4d78,,62.240.113.124,70d1977b-656d-436a-bdbd-0b8277d118e7
1e2e93bc-3e34-4864-b275-1df04627a3f5,,62.240.113.124,70d1977b-656d-436a-bdbd-0b8277d118e7
b4814708-7d2e-4927-b220-f75eaac15347,,62.240.113.124,70d1977b-656d-436a-bdbd-0b8277d118e7
fd4883d9-826a-4fbf-9ade-ff4416d7f5ce,,62.240.113.124,70d1977b-656d-436a-bdbd-0b8277d118e7
1cb8ada4-4286-492f-91b8-37638403ea5e,,62.240.113.124,70d1977b-656d-436a-bdbd-0b8277d118e7
bd5954f7-87c0-4618-87c9-f6930588b570,,62.240.113.124,70d1977b-656d-436a-bdbd-0b8277d118e7
f5c58905-ce44-4b47-b120-d4eab53b06f6,,62.240.113.124,70d1977b-656d-436a-bdbd-0b8277d118e7
2c788633-be62-4174-aaae-3fbffc0fb7c0,,62.240.113.124,70d1977b-656d-436a-bdbd-0b8277d118e7
d9d4763c-9cd6-4368-b589-a430de61026e,,62.240.113.124,70d1977b-656d-436a-bdbd-0b8277d118e7
39cdcce5-b052-4f9f-8308-91fb562ccd0c,,163.121.128.206,317a81c0-ca09-4d0f-bf7d-ceafb9e9b11d
7496303e-9783-4e2f-9036-bfbcf14c4018,,163.121.128.206,317a81c0-ca09-4d0f-bf7d-ceafb9e9b11d
f2833f13-7373-4c14-9117-0d3d4a71c8ae,,163.121.128.206,317a81c0-ca09-4d0f-bf7d-ceafb9e9b11d
873ca143-c628-4b97-ab04-ac8b9685a10c,,163.121.128.206,317a81c0-ca09-4d0f-bf7d-ceafb9e9b11d
8f460536-c130-4dff-b0e0-071b3fe00466,,156.200.40.66,80fca99b-d887-42ef-bd7e-d9fe9a3c8c9d
0d174e2d-bf01-4c94-b21d-921524133d46,,62.240.113.124,aa0a8c05-5ed7-4166-84e2-3af6377bbf8c
b31e09dc-58ad-4cf0-b456-e3faeab4eeaf,,62.240.113.124,aa0a8c05-5ed7-4166-84e2-3af6377bbf8c
2e4ebdf0-260c-412e-aab1-b770545f56b2,,62.240.113.124,aa0a8c05-5ed7-4166-84e2-3af6377bbf8c
14474667-00fb-4cab-9875-8bc056b8e471,,62.240.113.124,aa0a8c05-5ed7-4166-84e2-3af6377bbf8c
6d70a9cf-89c8-4683-8605-5b40dec33b5b,,62.140.79.238,8ce26433-7e3f-4aa1-9ba7-9111ee5838b9
fd3f2e31-c16e-4316-be22-f7cbe59223ae,,41.143.173.0,ba2f8ff8-8777-4fe9-9356-34dc19191405
67f89918-5a1a-46d6-8611-775ee455bea8,,41.143.173.0,ba2f8ff8-8777-4fe9-9356-34dc19191405
5431d7d9-c3bc-4390-8013-b65c24fbba80,,41.143.173.0,ba2f8ff8-8777-4fe9-9356-34dc19191405
a53a1fa1-c3f4-4219-ba8b-c7bc171d5fff,,41.143.173.0,ba2f8ff8-8777-4fe9-9356-34dc19191405
4a579098-c375-48e8-bc77-3ba9cbdcd9eb,,41.143.173.0,ba2f8ff8-8777-4fe9-9356-34dc19191405
757b29f2-e721-4903-ab1b-ed42d3b3b18c,,41.143.173.0,ba2f8ff8-8777-4fe9-9356-34dc19191405
f070ad68-2fe4-427c-839c-3e7002e91422,,41.143.173.0,ba2f8ff8-8777-4fe9-9356-34dc19191405
6f71d65f-62d1-4b80-b167-7847021ad646,,81.192.17.26,502188cb-c145-4c79-a87e-5340c9031ffb
017fef18-8964-45d0-b12a-d4dc1a602f09,,81.192.17.26,502188cb-c145-4c79-a87e-5340c9031ffb
9afc564b-6c7b-4e75-b92c-3a05ff93d886,,81.192.17.26,502188cb-c145-4c79-a87e-5340c9031ffb
2e8c1a52-bc91-4179-879c-1f493bea3939,,81.192.17.26,502188cb-c145-4c79-a87e-5340c9031ffb
00ab36db-7c1b-427b-8e7a-2a9b63f49efc,,81.192.17.26,502188cb-c145-4c79-a87e-5340c9031ffb
47474ab9-8487-4376-b79d-7cb035130a38,,81.192.17.26,502188cb-c145-4c79-a87e-5340c9031ffb
3944cf03-2d9b-4bd3-821e-12a2309ed237,,81.192.17.26,502188cb-c145-4c79-a87e-5340c9031ffb
e1bc2d12-8175-435c-8b9e-5a35107c3e30,,81.192.17.82,61d3c273-da9e-4cd4-b440-67e4a5054afa
ff7a4949-9ae2-4eaa-8ce2-3f01f1ac9669,,81.192.17.26,6cc7e663-3abd-4c22-b257-44644a2deb57
7d88cff8-1f55-4f64-a3c8-46b9d2a978f7,,81.192.17.26,6cc7e663-3abd-4c22-b257-44644a2deb57
f7dda533-2b7d-400e-a3f9-3b9a3f70e26b,,81.192.17.26,6cc7e663-3abd-4c22-b257-44644a2deb57
1cd5c745-dfcc-4f3d-b6ce-80e7ec5742b5,,81.192.17.26,6cc7e663-3abd-4c22-b257-44644a2deb57
3aba0a77-740e-4c17-b8f0-2c5843b4a8a2,,81.192.17.26,6cc7e663-3abd-4c22-b257-44644a2deb57
5653fbf0-c41a-4c40-9ba4-484688d65630,,81.192.17.26,6cc7e663-3abd-4c22-b257-44644a2deb57
be7c417b-b87d-4492-a315-a4f56e782bf3,,81.192.17.26,6cc7e663-3abd-4c22-b257-44644a2deb57
a89f4013-07e2-4c24-ae84-b57bb79cd7ba,,41.249.189.0,2dba4aef-be59-4756-9c77-27e60e55ae27
a715b931-6820-4c71-b260-f0244eae2d30,,81.192.17.90,7f5628fd-8760-4eea-854a-77a9c55954c7
55da57aa-9ce8-4067-af1c-d47bcf4bd6b8,,81.192.17.90,7f5628fd-8760-4eea-854a-77a9c55954c7
6eb67d17-3f5b-42ac-b1b9-addacb750751,,81.192.17.18,a927a7c9-add3-426b-9512-ad8c3e40379f
3dca1d99-ba85-426d-8618-f691c519829f,,81.192.17.18,a927a7c9-add3-426b-9512-ad8c3e40379f
a762d847-abaf-4318-bba5-1293fbee1659,,81.192.17.18,a927a7c9-add3-426b-9512-ad8c3e40379f
29dc6238-e209-40b1-9392-96a2c6518372,,81.192.17.18,a927a7c9-add3-426b-9512-ad8c3e40379f
3318f112-72ba-43a6-b0fc-f2effb311981,,81.192.17.18,a927a7c9-add3-426b-9512-ad8c3e40379f
910cbb88-48d8-48bc-8c93-fb565ecbaf5f,,81.192.17.18,a927a7c9-add3-426b-9512-ad8c3e40379f
aa4c6340-f5b0-477e-91d1-36c0bdd61e6c,,81.192.17.18,9c9ff5b8-3093-4d8e-91b1-9ebac6a0d734
54c6fd47-b002-4125-a0f4-f5dbc1748260,,81.192.17.18,9c9ff5b8-3093-4d8e-91b1-9ebac6a0d734
5ec51249-0910-4c6b-a84f-93364d546dfc,,81.192.17.18,9c9ff5b8-3093-4d8e-91b1-9ebac6a0d734
42a118a1-a8c0-4b1c-b2a3-d08401a81d69,,81.192.17.18,9c9ff5b8-3093-4d8e-91b1-9ebac6a0d734
13691e8a-af47-4cb7-979f-efa60e9ca7bd,,81.192.17.18,9c9ff5b8-3093-4d8e-91b1-9ebac6a0d734
1e8e0b19-db0e-416a-846e-d46b084b6577,,81.192.17.18,9c9ff5b8-3093-4d8e-91b1-9ebac6a0d734
5cf9a2aa-2b6a-404d-b37a-2627c0427134,,81.192.17.18,9c9ff5b8-3093-4d8e-91b1-9ebac6a0d734
40f7ca2e-1f21-472b-8156-a38e7311e14f,,81.192.17.18,9c9ff5b8-3093-4d8e-91b1-9ebac6a0d734
4003e4b1-00b2-42de-aabf-2ce99dbb1a0c,,81.192.17.18,9c9ff5b8-3093-4d8e-91b1-9ebac6a0d734
3a338121-d7b8-4798-b130-a46844e7ac22,,105.67.10.5,894b691f-1a23-4c6d-adef-a910b19a9792
81c2d938-843e-4341-9b50-54d6cf57470d,,105.67.10.5,894b691f-1a23-4c6d-adef-a910b19a9792
308f5a6b-897e-4c8c-9637-f19fc85de4b0,,105.67.10.5,894b691f-1a23-4c6d-adef-a910b19a9792
f3921e27-82e6-4a04-b685-244f2dd3aa31,,105.67.10.5,894b691f-1a23-4c6d-adef-a910b19a9792
e01d460a-6991-444e-9ca0-46d9d2df2d0f,,105.67.10.5,894b691f-1a23-4c6d-adef-a910b19a9792
88854a15-5eb7-4b25-918e-1d9e5ed1b2f6,,105.67.10.5,894b691f-1a23-4c6d-adef-a910b19a9792
e351fb56-0836-4499-b9c5-1b029ae2c44e,,105.67.10.5,894b691f-1a23-4c6d-adef-a910b19a9792
518e6154-1848-4b15-beee-95ec553eed1c,,81.192.17.82,edfbfbcb-fe4b-4c33-a54c-f05f2d3c3980
00a01329-ff8a-4167-9ce5-14170aeed383,,81.192.17.82,edfbfbcb-fe4b-4c33-a54c-f05f2d3c3980
d0551c6b-c30a-4011-9055-8548a62cfee6,,81.192.17.82,edfbfbcb-fe4b-4c33-a54c-f05f2d3c3980
ee158627-57d2-4d1f-b59b-493e51aea7f3,,81.192.17.82,edfbfbcb-fe4b-4c33-a54c-f05f2d3c3980
d7fc6c68-0768-4c71-81e3-20335a46afc5,,81.192.17.82,edfbfbcb-fe4b-4c33-a54c-f05f2d3c3980
73a77821-edc1-4688-afbc-3c07146b1233,,81.192.17.82,edfbfbcb-fe4b-4c33-a54c-f05f2d3c3980
e03dcc0f-13ea-45f2-89f3-654a0835e4e2,,81.192.17.82,edfbfbcb-fe4b-4c33-a54c-f05f2d3c3980
45d5aaad-dd0d-4730-b1b3-49388fa03d5c,,81.192.17.82,edfbfbcb-fe4b-4c33-a54c-f05f2d3c3980
a60f4413-8e49-4a10-9776-ba79662befee,,81.192.17.18,797d66b9-7128-4d44-81d4-f880e887acde
f7707576-b06e-4643-8d28-f0b8d0339077,,81.192.17.18,797d66b9-7128-4d44-81d4-f880e887acde
FAILED,,162.158.82.196,1a512351-8fbe-440f-8ea2-fcaf222c3111
FAILED,,162.158.82.196,1a512351-8fbe-440f-8ea2-fcaf222c3111
FAILED,,162.158.82.196,1a512351-8fbe-440f-8ea2-fcaf222c3111
FAILED,,162.158.82.196,1a512351-8fbe-440f-8ea2-fcaf222c3111
FAILED,,162.158.82.196,1a512351-8fbe-440f-8ea2-fcaf222c3111
FAILED,,162.158.82.196,1a512351-8fbe-440f-8ea2-fcaf222c3111
FAILED,,162.158.82.196,1a512351-8fbe-440f-8ea2-fcaf222c3111
FAILED,,162.158.82.196,1a512351-8fbe-440f-8ea2-fcaf222c3111
FAILED,,162.158.82.196,1a512351-8fbe-440f-8ea2-fcaf222c3111
7ab16e3c-859a-4c07-be96-4d61a9673612,,197.26.160.0,2236d354-f0a1-46ee-83c6-b705514e42f1
eb745181-b5c8-45a6-a6fe-9291f2ec1e2e,,197.26.160.0,2236d354-f0a1-46ee-83c6-b705514e42f1
1bcedaaa-c522-43ee-a6fb-35091d8c5734,,197.26.160.0,2236d354-f0a1-46ee-83c6-b705514e42f1
16c9fd29-c6a5-4aef-8bb4-908d7db3fec7,,197.26.160.0,2236d354-f0a1-46ee-83c6-b705514e42f1
b6e5afb4-d26e-4234-875c-29f2491f5ce7,,197.26.160.0,2236d354-f0a1-46ee-83c6-b705514e42f1
246e72df-f78b-4823-b3ad-6ae412e50fb8,,197.26.160.0,2236d354-f0a1-46ee-83c6-b705514e42f1
5dc2d9cd-75c1-43c9-b0e5-c27107b1a670,,197.26.160.0,2236d354-f0a1-46ee-83c6-b705514e42f1
27b71eb4-38aa-413d-8740-08764ae66c6e,,197.26.160.0,2236d354-f0a1-46ee-83c6-b705514e42f1
9eddf9c8-7d14-463c-a186-3f3dd3e6641e,,197.26.160.0,2236d354-f0a1-46ee-83c6-b705514e42f1
f811048e-5cd7-4c8d-80a6-f51a64763929,,172.253.14.1,8586059e-db3c-4838-ac24-76965b8b92d1
202688ae-cdc6-4015-947e-d7a5fa9fbfc3,,172.253.14.1,8586059e-db3c-4838-ac24-76965b8b92d1
81296fa3-1a71-4c69-8dc5-f2a408bae3b4,,172.253.14.1,8586059e-db3c-4838-ac24-76965b8b92d1
e8947070-00a3-4256-b5db-76eb0fa5efce,,172.253.14.1,8586059e-db3c-4838-ac24-76965b8b92d1
711144e9-b91a-4b44-bc96-a92cb17a0617,,172.253.14.1,8586059e-db3c-4838-ac24-76965b8b92d1
a83e58a3-ca03-45a1-a485-886efd810228,,172.253.14.1,8586059e-db3c-4838-ac24-76965b8b92d1
39b9c23b-7c7b-4dca-9fce-0cb8d30e7dd5,,172.253.14.1,8586059e-db3c-4838-ac24-76965b8b92d1
8984100f-9ed0-4b40-9b7c-18452e45e583,,172.253.14.1,8586059e-db3c-4838-ac24-76965b8b92d1
bd7e9281-0bdb-4d1f-a0d6-f8393549a597,,172.253.14.1,8586059e-db3c-4838-ac24-76965b8b92d1
3665a2b4-173d-4dc0-9173-75d0e3256b3d,,197.14.118.0,3511cb38-f03f-4a4e-9c35-09cc403a3530
9b71c20b-9ff9-42af-a1d0-11b958aa8fb4,,197.14.118.0,3511cb38-f03f-4a4e-9c35-09cc403a3530
f5be94e1-1198-4f0f-a9cd-66fa8b5764e5,,197.14.118.0,3511cb38-f03f-4a4e-9c35-09cc403a3530
ddf65acf-dcfe-433a-9597-8e63e246b67a,,197.14.118.0,3511cb38-f03f-4a4e-9c35-09cc403a3530
153225b5-ff9b-44d3-bea8-db74844f69c0,,197.14.118.0,3511cb38-f03f-4a4e-9c35-09cc403a3530
8d55fecd-3462-491f-b50d-05fbd0df3060,,197.14.118.0,3511cb38-f03f-4a4e-9c35-09cc403a3530
6322c358-5d16-47c9-9a4d-69f68bc364cb,,197.14.118.0,3511cb38-f03f-4a4e-9c35-09cc403a3530
422caf12-1eeb-4496-8259-1133f4aa33f8,,197.14.118.0,3511cb38-f03f-4a4e-9c35-09cc403a3530
1a5b2c8f-67ee-4f01-a8f8-9c3b9ef4d43e,,197.14.118.0,3511cb38-f03f-4a4e-9c35-09cc403a3530
33f1beca-ee71-4eb1-9618-7e34959b6753,,197.14.118.0,3511cb38-f03f-4a4e-9c35-09cc403a3530
ad406a8f-e2f9-4340-ab88-996b6356b0a4,,193.95.59.23,c9cc40bd-8d17-4b94-8331-394101d141ed
e87b0151-9620-4f07-b7ed-44c475cfdcee,,193.95.59.23,c9cc40bd-8d17-4b94-8331-394101d141ed
94488a19-8c10-4e4d-a920-89733b945791,,193.95.59.23,c9cc40bd-8d17-4b94-8331-394101d141ed
c0b1d975-2aab-40a0-81df-472da5d7ad6e,,193.95.59.23,c9cc40bd-8d17-4b94-8331-394101d141ed
eee11a9f-e971-42e6-b54c-95998172badd,,193.95.59.23,c9cc40bd-8d17-4b94-8331-394101d141ed
1dc0bf74-d367-4f48-b5d5-3d4b2bbf3109,,193.95.59.23,c9cc40bd-8d17-4b94-8331-394101d141ed
eb1221bf-f68c-48b1-914b-fe6d060b2a78,,193.95.59.23,c9cc40bd-8d17-4b94-8331-394101d141ed
906bc999-b33d-4f61-9c5b-11287ca35043,,193.95.59.23,c9cc40bd-8d17-4b94-8331-394101d141ed
0fb77034-c026-4ac1-b771-6c5b16147c64,,193.95.59.23,c9cc40bd-8d17-4b94-8331-394101d141ed
148fc2b7-9e29-4d96-9bfe-b00feee75ce3,,193.95.59.23,c9cc40bd-8d17-4b94-8331-394101d141ed
9e7b3052-e32b-4b55-af40-a156db2e6023,,41.226.16.50,24f1ca01-ebcf-4296-8f32-3e075fa7a799
8cff2ffb-278d-41f6-a425-d1cd9fb4a60a,,41.226.16.50,24f1ca01-ebcf-4296-8f32-3e075fa7a799
c9aab45f-d811-4c08-bb0c-a6973f003146,,41.226.16.50,24f1ca01-ebcf-4296-8f32-3e075fa7a799
eb715cd9-7553-4c55-9b63-ffe0ee61c811,,41.226.16.50,24f1ca01-ebcf-4296-8f32-3e075fa7a799
2d9cd07b-f34a-43a9-b58a-e14305433f7a,,41.226.16.50,24f1ca01-ebcf-4296-8f32-3e075fa7a799
f26d800c-2d93-4fe6-b187-5cb6fc4dc5b2,,41.226.16.50,24f1ca01-ebcf-4296-8f32-3e075fa7a799
cc3486fb-272f-441f-9154-a9be24227ad0,,41.226.16.50,24f1ca01-ebcf-4296-8f32-3e075fa7a799
f033ffd7-aede-45e6-b900-9788917406d1,,41.226.16.50,24f1ca01-ebcf-4296-8f32-3e075fa7a799
5cf7bf2f-4aa7-499a-83d3-96ad94cbf1fe,,41.226.16.50,24f1ca01-ebcf-4296-8f32-3e075fa7a799
025f5a51-20d0-40e5-9c8c-98a2c2e1f737,,193.95.57.26,ef3e907f-4315-475b-a46e-09eebc1d56eb
0d7cdb0f-6833-4999-bd91-33288c2e4f90,,193.95.57.26,ef3e907f-4315-475b-a46e-09eebc1d56eb
539962fa-4f3a-4944-bacd-5a8f031ede20,,193.95.57.26,ef3e907f-4315-475b-a46e-09eebc1d56eb
d6a10ef9-bcba-4ce5-8fac-e8f8f25eb287,,193.95.57.26,ef3e907f-4315-475b-a46e-09eebc1d56eb
31c6dfc3-c141-449f-b52b-f70d7680a845,,193.95.57.26,ef3e907f-4315-475b-a46e-09eebc1d56eb
7e85c2f3-19ba-48bf-99bf-fe419437f2ce,,193.95.57.26,ef3e907f-4315-475b-a46e-09eebc1d56eb
7a4de474-53d2-4ed4-8cf6-7d8b40f912bf,,193.95.57.26,ef3e907f-4315-475b-a46e-09eebc1d56eb
f07537cc-4454-4658-a118-24536a31b9a1,,193.95.57.26,ef3e907f-4315-475b-a46e-09eebc1d56eb
cad078ea-e087-4743-8a52-af29f2b3b0a3,,102.158.170.0,26162263-9e72-4fff-b250-b10306aad4b8
be50e208-353b-4cb1-b6a5-27355129cccd,,102.158.170.0,26162263-9e72-4fff-b250-b10306aad4b8
04abfa92-3205-41f3-9e05-c81cbcbdfee8,,102.158.170.0,26162263-9e72-4fff-b250-b10306aad4b8
4a68e065-6af1-4a2e-a605-6be29ad75b2f,,102.158.170.0,26162263-9e72-4fff-b250-b10306aad4b8
883b5786-7231-4727-a61d-88883ef26c42,,102.158.170.0,26162263-9e72-4fff-b250-b10306aad4b8
fafd4c50-90e0-4e84-8978-e89a4be70301,,102.158.170.0,26162263-9e72-4fff-b250-b10306aad4b8
849904a9-3e3e-409a-8cd8-93fe1530c54d,,102.158.170.0,26162263-9e72-4fff-b250-b10306aad4b8
46f33d25-24c6-4714-8b7b-e9a833aabd0d,,102.158.170.0,26162263-9e72-4fff-b250-b10306aad4b8
e4893eeb-14ec-40b8-bf45-aabd147317df,,102.158.170.0,26162263-9e72-4fff-b250-b10306aad4b8
a8ea1f8e-bdf4-4ede-9bac-c784f646d5d2,,193.95.59.23,c9cc40bd-8d17-4b94-8331-394101d141ed
60b0a5fc-2e72-4699-8948-de38f6e8c3e4,,193.95.59.23,c9cc40bd-8d17-4b94-8331-394101d141ed
2f52dddb-692d-4708-952b-8a99122b909e,,193.95.59.23,c9cc40bd-8d17-4b94-8331-394101d141ed
18d915bc-403f-468c-bb59-fc3c1b2d2883,,193.95.59.23,c9cc40bd-8d17-4b94-8331-394101d141ed
5871a3e6-9c79-4e33-ab40-ba7394101b11,,193.95.59.23,c9cc40bd-8d17-4b94-8331-394101d141ed
f9299a46-9264-49ba-b9d0-0ef2b0dd920e,,193.95.59.23,c9cc40bd-8d17-4b94-8331-394101d141ed
9999dede-c27f-47fd-8459-10725fdfa19e,,193.95.59.23,c9cc40bd-8d17-4b94-8331-394101d141ed
2f5d3e07-7b5e-4682-9f82-cc407a91dc6f,,193.95.59.23,c9cc40bd-8d17-4b94-8331-394101d141ed
d1759d85-3ecb-4ead-81e4-5612778b46c9,,193.95.59.23,c9cc40bd-8d17-4b94-8331-394101d141ed
e13171ed-3fc8-4b8a-8a99-50dabb898e62,,41.228.40.41,3dac5d73-9bc9-4a3f-9d2e-0f5677913f60
787a6a7f-7e70-4280-80e0-d89678d80283,,41.228.40.41,3dac5d73-9bc9-4a3f-9d2e-0f5677913f60
4b4f58f0-784f-4efa-be7d-5bd69e1b521c,,41.228.40.41,3dac5d73-9bc9-4a3f-9d2e-0f5677913f60
8844d6e6-b31f-474b-8c22-94ac7d62cbf6,,41.228.40.41,3dac5d73-9bc9-4a3f-9d2e-0f5677913f60
d59474df-0947-4268-a5c0-e586ceb0f25b,,41.228.40.41,3dac5d73-9bc9-4a3f-9d2e-0f5677913f60
55334d22-5bf8-4332-ace4-fa01a26f6e65,,41.228.40.41,3dac5d73-9bc9-4a3f-9d2e-0f5677913f60
a98544c4-f73d-4fe7-a379-b55d25b17c0d,,41.228.40.41,3dac5d73-9bc9-4a3f-9d2e-0f5677913f60
26345449-0ad9-4179-b4fe-b7adb5693392,,41.228.40.41,3dac5d73-9bc9-4a3f-9d2e-0f5677913f60
77dff19b-caa2-41d1-bb6f-d386d02abc0d,,41.226.21.50,8aad081d-8586-4917-ac7f-7198e74ddd6a
fe8851ba-7c99-429c-8aba-24f817a1cdf4,,41.226.21.50,8aad081d-8586-4917-ac7f-7198e74ddd6a
7397bf92-3436-46c1-992f-dc5192868655,,41.226.21.50,8aad081d-8586-4917-ac7f-7198e74ddd6a
669c6af3-a230-4509-924d-d34317e6a3bf,,41.226.21.50,8aad081d-8586-4917-ac7f-7198e74ddd6a
0c724eb9-d1ff-4927-8c43-a7fff67ee77d,,41.226.21.50,8aad081d-8586-4917-ac7f-7198e74ddd6a
a18e2b21-820e-4930-9507-1fc3cce7e55f,,41.226.21.50,8aad081d-8586-4917-ac7f-7198e74ddd6a
5e9d8de3-1fdf-441f-afc8-bba6d5beb746,,41.226.21.50,8aad081d-8586-4917-ac7f-7198e74ddd6a
b5d9b249-54d2-4919-ba4c-8c9b1c78885e,,172.253.14.3,99765873-08da-4194-95bb-736fc112b6cc
0120e300-2e9f-48b0-bfd9-77ef84d0434f,,172.253.14.3,99765873-08da-4194-95bb-736fc112b6cc
6b8c3f1b-160f-4c29-b8aa-cf18f12cb3b8,,172.253.14.3,99765873-08da-4194-95bb-736fc112b6cc
792ab1af-6598-4b6f-b224-8973a3170f31,,172.253.14.3,99765873-08da-4194-95bb-736fc112b6cc
f87123e9-db1d-4395-a7ba-19e2d79d922b,,172.253.14.3,99765873-08da-4194-95bb-736fc112b6cc
0b439aff-6687-4ad3-9e3f-10e2c354a904,,172.253.14.3,99765873-08da-4194-95bb-736fc112b6cc
a22ee410-3f2a-4cef-b822-024a480f0a30,,172.253.14.3,99765873-08da-4194-95bb-736fc112b6cc
7f7174bc-7440-48cc-af77-7d42246865f7,,172.253.14.3,99765873-08da-4194-95bb-736fc112b6cc
000b77bd-4c67-48e1-8287-c04476c72b1d,,41.228.228.228,4633e0b2-23ad-4e86-858c-58352edc11cb
539bafd0-2662-46ed-b3ab-8d473d638fd4,,41.228.228.228,4633e0b2-23ad-4e86-858c-58352edc11cb
c3e2a6a3-7725-4a9c-991a-a7d5cd8afe3a,,8.0.26.135,87c9d1f1-b3f3-47b9-b652-6c7a665cf6f5
66a5f799-153d-4f5f-b47d-8457cc618633,,8.0.26.135,87c9d1f1-b3f3-47b9-b652-6c7a665cf6f5
043402bc-2f14-4365-817e-8fddf957a37d,,8.0.26.135,87c9d1f1-b3f3-47b9-b652-6c7a665cf6f5
cd07a950-185e-4860-a1db-5ff65815010c,,8.0.26.135,87c9d1f1-b3f3-47b9-b652-6c7a665cf6f5
a492598b-fc3a-4fa3-b12b-d8803401ccce,,8.0.26.135,87c9d1f1-b3f3-47b9-b652-6c7a665cf6f5
a447cb85-5593-4235-842f-91f9f887f1b6,,82.163.143.10,868ac648-3271-42f1-a936-e77b170b833f
00a826f0-9b5e-4e99-b290-c2f381802df9,,82.163.143.10,868ac648-3271-42f1-a936-e77b170b833f
e3356837-7835-45b0-bbd7-b2c11390334c,,82.163.143.10,868ac648-3271-42f1-a936-e77b170b833f
f782d545-7601-4800-a4d4-a113920da58c,,82.163.143.10,868ac648-3271-42f1-a936-e77b170b833f
bbad961e-770b-47eb-ac7e-86ca930850b7,,82.163.143.10,868ac648-3271-42f1-a936-e77b170b833f
576387b7-f26c-4aa0-bdb5-33542f0997b1,,82.163.143.10,868ac648-3271-42f1-a936-e77b170b833f
0cee30f1-3b5f-488b-aa58-107e95d9110b,,82.163.143.10,868ac648-3271-42f1-a936-e77b170b833f
65c21d2b-d043-4e36-a7ff-d685d2846941,,82.163.143.10,868ac648-3271-42f1-a936-e77b170b833f
0f3c215c-e936-4cbc-9bab-abe7ab0ee851,,82.163.143.10,868ac648-3271-42f1-a936-e77b170b833f
2cc9665e-eaed-4162-a63b-dbc984f87c96,,82.163.143.10,868ac648-3271-42f1-a936-e77b170b833f
e0714647-fef6-470d-921d-128e31d28ed0,,82.163.143.10,868ac648-3271-42f1-a936-e77b170b833f
1bb1ccf6-d72e-4adb-b27f-0516fd130552,,82.163.143.10,868ac648-3271-42f1-a936-e77b170b833f
0c2203db-d137-499e-b133-05e8c95b4345,,82.163.143.10,868ac648-3271-42f1-a936-e77b170b833f
f0859354-9de3-4494-bb5e-7ebc9c7d33dd,,82.163.143.10,868ac648-3271-42f1-a936-e77b170b833f
a3eba276-6e03-47ae-b03c-9c07c662822d,,82.163.143.10,868ac648-3271-42f1-a936-e77b170b833f
f1d85a93-5864-44a7-8d9a-b7c02292d961,,82.163.143.10,868ac648-3271-42f1-a936-e77b170b833f
dffd8630-178b-4f08-8181-a03d9e60e2da,,82.163.143.10,868ac648-3271-42f1-a936-e77b170b833f
508f2709-4e43-4be5-88b4-53b864643826,,82.163.143.10,868ac648-3271-42f1-a936-e77b170b833f
f96f34b3-e9cc-496b-8007-89978a779424,,82.163.143.10,868ac648-3271-42f1-a936-e77b170b833f
a569b753-4671-4316-baef-251c2aa57f50,,82.163.143.10,868ac648-3271-42f1-a936-e77b170b833f
21f7a32c-f23b-43f8-bf6a-ae46fd045355,,82.163.143.10,868ac648-3271-42f1-a936-e77b170b833f
e8b849e7-2f3b-4ecf-a033-661dcee0bf30,,82.163.143.10,868ac648-3271-42f1-a936-e77b170b833f
76c87a19-50e3-4eb2-89b9-4f019629e13c,,82.163.143.10,868ac648-3271-42f1-a936-e77b170b833f
98a03968-1acc-4ce6-a5f6-c54965c16710,,82.163.143.10,868ac648-3271-42f1-a936-e77b170b833f
11a6c052-7f81-4003-bd94-8ffb9b2cf797,,82.163.143.10,868ac648-3271-42f1-a936-e77b170b833f
57a1a05d-2871-4eac-aec9-606d7d1e453e,,82.163.143.10,868ac648-3271-42f1-a936-e77b170b833f
4234635d-839f-44a8-b1ac-d05934def6e8,,82.163.143.10,868ac648-3271-42f1-a936-e77b170b833f
ca884391-1b4c-4867-bba3-aaaf7a5249da,,82.163.143.10,868ac648-3271-42f1-a936-e77b170b833f
FAILED,,82.163.143.10,868ac648-3271-42f1-a936-e77b170b833f
2aff394e-75ae-4097-a15b-50022d93ceb2,,82.163.143.10,868ac648-3271-42f1-a936-e77b170b833f
22362676-4ae3-456b-ae44-adba93299101,,202.123.2.19,4d8eb0a3-18fa-4e7b-a80a-0e317363ea2d
3af2562e-6944-4b7f-ac4c-0aa3e28aa656,,202.123.2.19,4d8eb0a3-18fa-4e7b-a80a-0e317363ea2d
a43322b1-11d9-4042-81cd-3a010ea98fc7,,202.123.2.19,4d8eb0a3-18fa-4e7b-a80a-0e317363ea2d
9fe81522-5102-4416-b33e-2a44f957f241,,202.123.2.19,4d8eb0a3-18fa-4e7b-a80a-0e317363ea2d
5c937e35-65dc-4755-901d-9f8b59d6197f,,202.123.2.19,4d8eb0a3-18fa-4e7b-a80a-0e317363ea2d
eb972224-9bb1-450e-b8a0-deef422166c6,,202.123.2.19,4d8eb0a3-18fa-4e7b-a80a-0e317363ea2d
377736ba-37da-4e12-8b2b-3713b0acf4b2,,202.123.2.19,4d8eb0a3-18fa-4e7b-a80a-0e317363ea2d
f5de8a0f-f4b4-4fd9-897b-6b93d0831ffa,,202.123.2.19,4d8eb0a3-18fa-4e7b-a80a-0e317363ea2d
fa751883-2147-4411-9c31-f7a3ea5e05bb,,202.123.2.19,4d8eb0a3-18fa-4e7b-a80a-0e317363ea2d
0456fa9b-df06-4569-b377-619ae7eb9182,,202.123.2.19,4d8eb0a3-18fa-4e7b-a80a-0e317363ea2d
063856d0-2dfc-4093-8255-364cff3f86a1,,74.125.73.83,f7f1c9e6-4387-4caa-9349-e7494834a1f1
766d98ae-5e36-40ca-98ab-03f73a6973e7,,74.125.73.83,f7f1c9e6-4387-4caa-9349-e7494834a1f1
6ffc4228-9669-4ded-9316-070577dbd9d9,,74.125.73.83,f7f1c9e6-4387-4caa-9349-e7494834a1f1
445cc622-9f6c-44ea-ba88-4e895eb397ed,,74.125.73.83,f7f1c9e6-4387-4caa-9349-e7494834a1f1
d6681427-826c-4dea-8b56-0187453e3ada,,74.125.73.83,f7f1c9e6-4387-4caa-9349-e7494834a1f1
76304acb-6be6-4baa-afa7-3d847e498168,,74.125.73.83,f7f1c9e6-4387-4caa-9349-e7494834a1f1
cf2e2a5c-8aef-4e8c-ae93-d791d00e6baf,,74.125.73.83,f7f1c9e6-4387-4caa-9349-e7494834a1f1
FAILED,,173.194.169.107,094ad0ea-e802-4779-8e99-7e1ff838f66e
FAILED,,173.194.169.107,094ad0ea-e802-4779-8e99-7e1ff838f66e
FAILED,,173.194.169.107,094ad0ea-e802-4779-8e99-7e1ff838f66e
FAILED,,173.194.169.107,094ad0ea-e802-4779-8e99-7e1ff838f66e
FAILED,,173.194.169.107,094ad0ea-e802-4779-8e99-7e1ff838f66e
FAILED,,173.194.169.107,094ad0ea-e802-4779-8e99-7e1ff838f66e
FAILED,,173.194.169.107,094ad0ea-e802-4779-8e99-7e1ff838f66e
FAILED,,173.194.169.107,094ad0ea-e802-4779-8e99-7e1ff838f66e
FAILED,,173.194.169.107,094ad0ea-e802-4779-8e99-7e1ff838f66e
FAILED,,173.194.169.107,094ad0ea-e802-4779-8e99-7e1ff838f66e
FAILED,,173.194.169.107,094ad0ea-e802-4779-8e99-7e1ff838f66e
FAILED,,173.194.169.107,094ad0ea-e802-4779-8e99-7e1ff838f66e
FAILED,,173.194.169.107,094ad0ea-e802-4779-8e99-7e1ff838f66e
5b0362b9-6c71-405e-97b6-fe8e0f4fac3e,,74.125.73.83,f7f1c9e6-4387-4caa-9349-e7494834a1f1
6cb6e04a-120a-41ba-a01f-89a5e233f3ab,,74.125.73.83,f7f1c9e6-4387-4caa-9349-e7494834a1f1
decdcf39-255b-4973-8e90-455d008eae8f,,74.125.73.83,f7f1c9e6-4387-4caa-9349-e7494834a1f1
0a744237-247a-4bd2-8c62-0f07efca5ff7,,74.125.73.83,f7f1c9e6-4387-4caa-9349-e7494834a1f1
7fb560e8-312f-45ff-9124-e7443cae5336,,41.79.193.253,38f1c87a-c959-4763-86e1-164c95f1d886
aed311d3-cf95-4bab-8dfa-0bf679a1162f,,41.79.193.253,38f1c87a-c959-4763-86e1-164c95f1d886
981f2c8a-0ac0-44a8-a485-34436e92e6bd,,41.79.193.253,38f1c87a-c959-4763-86e1-164c95f1d886
2c0ac2e5-7703-4189-bb0b-e06162a300c7,,41.79.193.253,38f1c87a-c959-4763-86e1-164c95f1d886
3bb52d0d-ac59-4880-beee-23be1d09f139,,41.79.193.253,38f1c87a-c959-4763-86e1-164c95f1d886
4245851d-795f-48f5-a72a-5f5573edcf60,,41.79.193.253,38f1c87a-c959-4763-86e1-164c95f1d886
f854f9fb-11a0-4269-8fdd-b1a67b06f519,,41.79.193.253,38f1c87a-c959-4763-86e1-164c95f1d886
f0cef3cc-347d-43d6-8c4a-2c876f370bf1,,41.79.193.253,38f1c87a-c959-4763-86e1-164c95f1d886
e06224d0-c59a-4d57-a083-d0f692d60c1a,,196.28.182.21,885ea80a-fee3-4842-9d04-5854d683659a
ca4f3538-1c7b-47ff-b338-06495c084f72,,196.28.182.21,885ea80a-fee3-4842-9d04-5854d683659a
1fcad107-066e-45db-bba8-9f0d9291203e,,196.28.182.21,885ea80a-fee3-4842-9d04-5854d683659a
0cf6c4c8-8066-4bac-8668-81a8f0d7796a,,196.28.182.21,885ea80a-fee3-4842-9d04-5854d683659a
ab59ced0-eb24-4c83-a87c-ee743d1e1d0b,,196.28.182.21,885ea80a-fee3-4842-9d04-5854d683659a
a6a19a6a-865e-4e67-a440-c849f669de5f,,196.28.182.21,885ea80a-fee3-4842-9d04-5854d683659a
8eced4bb-385b-400b-ab11-b6a889cecc80,,196.28.182.21,885ea80a-fee3-4842-9d04-5854d683659a
40e06e1e-d28f-4fd2-97fd-e5a905e1364d,,196.28.182.21,885ea80a-fee3-4842-9d04-5854d683659a
0619bc27-07f2-4763-ba9f-ec4c1bc603cc,,196.28.182.21,885ea80a-fee3-4842-9d04-5854d683659a
a6d06197-dd87-4d34-98c0-7e262339cd11,,196.28.182.21,885ea80a-fee3-4842-9d04-5854d683659a
FAILED,,169.1.2.11,NONE
FAILED,,169.1.2.11,NONE
d3edd4e8-04eb-49fd-ae88-fd4edcf8b10a,,41.181.167.72,9d9a5f4e-1e4b-4811-bd24-4e9dbd4b1183
2ced4254-6192-45ea-b543-ca8b75008c47,,41.181.167.72,9d9a5f4e-1e4b-4811-bd24-4e9dbd4b1183
3a4e9e02-58ed-457f-b344-08a9fb2bbfd0,,41.181.167.72,9d9a5f4e-1e4b-4811-bd24-4e9dbd4b1183
83abd0e3-d47e-4ca8-ba6c-4ef14cdd7029,,169.1.1.11,249361cd-78ae-4eff-8712-e074ee970c95
837009d8-f8f9-4c2b-a4e7-7223bf734189,,169.1.1.11,249361cd-78ae-4eff-8712-e074ee970c95
196eb152-00ed-4585-a8a5-cbdb5eb195ed,,169.1.1.11,249361cd-78ae-4eff-8712-e074ee970c95
84107c04-3f1e-4b09-8e70-f7a293d15e3b,,169.1.1.11,249361cd-78ae-4eff-8712-e074ee970c95
278f6a83-4e84-42c6-a7ee-b470aec7ec20,,169.1.1.11,249361cd-78ae-4eff-8712-e074ee970c95
86290055-cd52-461d-a551-d9bf99cdad97,,169.1.1.11,249361cd-78ae-4eff-8712-e074ee970c95
8e57c14e-57d4-42dc-baa1-f7a9a5dd1630,,41.78.220.10,1ef15ccb-de9c-489e-be37-cb492fe8a121
b85e6e30-2b3a-43ca-8bf8-68fa8a237da3,,41.78.220.10,1ef15ccb-de9c-489e-be37-cb492fe8a121
eb327e57-eb64-49b9-9688-0f81cb7badcb,,41.78.220.10,1ef15ccb-de9c-489e-be37-cb492fe8a121
92968073-5ea0-476b-971d-20d03033bc6b,,196.43.54.232,f1c6f5e3-22c3-42c3-b488-184b5a24284d
1197efa8-bd9f-4239-99dd-c26595e542b5,,196.43.54.232,f1c6f5e3-22c3-42c3-b488-184b5a24284d
9cdff208-a1d2-487e-ad0a-ae0f87233548,,196.43.54.232,f1c6f5e3-22c3-42c3-b488-184b5a24284d
d9dafc20-5189-4e45-945c-8f13b819fe0e,,196.43.54.232,f1c6f5e3-22c3-42c3-b488-184b5a24284d
0e5ed4e2-2c91-436d-80c0-d27301ce2f1b,,196.43.54.232,f1c6f5e3-22c3-42c3-b488-184b5a24284d
63c6e195-44c3-444e-86a3-0045f8243f0f,,196.43.54.232,f1c6f5e3-22c3-42c3-b488-184b5a24284d
2e7b7180-9116-42ee-9199-816f1ac62026,,196.43.54.232,f1c6f5e3-22c3-42c3-b488-184b5a24284d
ab1d6a03-5e4d-47b4-b871-152fe9d8902e,,41.110.30.2,321bc44c-a00d-4fbb-a5e6-683c26e2d339
a2d7a168-eaff-4dd3-b340-8b551cb795cf,,41.110.30.2,321bc44c-a00d-4fbb-a5e6-683c26e2d339
bd2ceb5f-c00b-4cf8-a279-abe0f62c1191,,41.110.30.2,321bc44c-a00d-4fbb-a5e6-683c26e2d339
1365988a-554d-4c60-b0ef-182fe030b6da,,41.110.30.2,321bc44c-a00d-4fbb-a5e6-683c26e2d339
c96e3800-5226-4b73-ad20-86b8f0961390,,41.110.30.2,321bc44c-a00d-4fbb-a5e6-683c26e2d339
138d7a59-9869-4aa6-b361-3897ad7b523c,,41.110.30.2,321bc44c-a00d-4fbb-a5e6-683c26e2d339
f2aa8323-4d91-46dc-a2d6-8337fddcd46f,,41.110.32.2,82e0921d-f799-42a0-ac74-089653c365ec
1223903f-e127-4422-8b26-84bf9aa117ea,,41.110.32.2,82e0921d-f799-42a0-ac74-089653c365ec
65771e44-7cd1-4905-ad1e-3913d0cc486f,,41.110.32.2,82e0921d-f799-42a0-ac74-089653c365ec
19a063e2-7f60-45bb-be62-ce20d0eeaf78,,41.110.32.2,82e0921d-f799-42a0-ac74-089653c365ec
bc291b0a-093c-4611-91ab-855851bccb6a,,41.110.32.2,82e0921d-f799-42a0-ac74-089653c365ec
c9cae584-ea13-4864-845c-b4bff095a9c7,,41.110.32.2,82e0921d-f799-42a0-ac74-089653c365ec
00fed13b-38ac-430b-a928-2e451d5639b1,,41.110.30.2,0537980c-6fd7-41d8-beb2-30b57d7bf378
64bea22b-8ddb-4345-a089-fe4b5143f3da,,41.110.30.2,0537980c-6fd7-41d8-beb2-30b57d7bf378
c7da78ee-f700-4a87-89d1-ef26104caf03,,41.110.30.2,0537980c-6fd7-41d8-beb2-30b57d7bf378
42d1d517-4537-4bb2-97f6-9d0990a0778f,,41.110.30.2,0537980c-6fd7-41d8-beb2-30b57d7bf378
15eb7be0-06c5-4d44-9575-5fcfcdf6d6aa,,41.110.30.2,0537980c-6fd7-41d8-beb2-30b57d7bf378
87b88682-46b8-4b02-9127-106d941692b3,,41.110.30.2,0537980c-6fd7-41d8-beb2-30b57d7bf378
1999d878-bd6c-4b56-b422-bea26f33280f,,41.110.30.2,0537980c-6fd7-41d8-beb2-30b57d7bf378
0d4aca88-b3b3-412f-8507-00e3530c0d87,,41.110.30.2,0537980c-6fd7-41d8-beb2-30b57d7bf378
05a68ac3-ade5-4bea-bcf0-e49e1320b169,,41.110.32.2,2f18d17e-f5f2-4d5a-af2e-31681b2cc431
b14ead3a-4c2e-4ba0-bd02-b3693fccca92,,41.110.32.2,2f18d17e-f5f2-4d5a-af2e-31681b2cc431
75889120-33db-4a8d-8af7-f225fbbe6ec8,,41.110.32.2,2f18d17e-f5f2-4d5a-af2e-31681b2cc431
a50f68d8-2c72-44dd-9407-9391483bbcf8,,41.110.32.2,2f18d17e-f5f2-4d5a-af2e-31681b2cc431
6ed167d4-d208-458b-ac60-cee27da03038,,41.110.32.2,2f18d17e-f5f2-4d5a-af2e-31681b2cc431
dd36c7c2-82c6-430b-83b4-84201e991239,,41.110.32.2,2f18d17e-f5f2-4d5a-af2e-31681b2cc431
5a99ccfd-40cb-43a8-b7bc-d121bb229e6c,,41.110.32.2,2f18d17e-f5f2-4d5a-af2e-31681b2cc431
7b4647be-1dcc-4cc3-936b-8bc6e8394d7c,,41.110.32.2,2f18d17e-f5f2-4d5a-af2e-31681b2cc431
4f73c26d-f35d-4ca1-9c15-07e19f89e8f8,,41.110.32.2,2f18d17e-f5f2-4d5a-af2e-31681b2cc431
6f87f77f-7f58-4a2f-a080-cb3cee2f6d44,,41.110.32.2,82e0921d-f799-42a0-ac74-089653c365ec
ea2576fb-ca37-45bd-9659-2b0dc72a3652,,41.110.32.2,82e0921d-f799-42a0-ac74-089653c365ec
157e6022-0417-4db7-82ac-aef06840f647,,41.110.32.2,82e0921d-f799-42a0-ac74-089653c365ec
8cbd63fe-c0d2-4449-ba9f-b335e1604cf6,,41.110.32.2,82e0921d-f799-42a0-ac74-089653c365ec
8711a224-ac16-4e50-bd1f-fbf8f7a5b4c2,,41.110.32.2,82e0921d-f799-42a0-ac74-089653c365ec
a3ab0f10-f0db-4773-847b-dc8147495cea,,172.253.14.1,f39e7f5a-bfcc-4d88-9fb1-05c97345fad4
9f57a35e-8fc1-4418-893d-59f67cb29138,,172.253.14.1,f39e7f5a-bfcc-4d88-9fb1-05c97345fad4
147e6126-3e9c-4fc8-89f5-b31b13e1747b,,172.253.14.1,f39e7f5a-bfcc-4d88-9fb1-05c97345fad4
bedb35f8-00dd-45f8-b76b-b684523c58bf,,172.253.14.1,f39e7f5a-bfcc-4d88-9fb1-05c97345fad4
1f22ef4a-31a6-4ded-a3b3-d4be611b5ecb,,172.253.14.1,f39e7f5a-bfcc-4d88-9fb1-05c97345fad4
25221d0a-0a33-4e08-b28a-e71374dd493e,,172.253.14.1,f39e7f5a-bfcc-4d88-9fb1-05c97345fad4
aa607591-321a-4ea9-b0f0-2ab5179c5298,,172.253.14.1,f39e7f5a-bfcc-4d88-9fb1-05c97345fad4
b31c8369-8114-462b-95cb-f1e5675fa4f9,,172.253.14.1,f39e7f5a-bfcc-4d88-9fb1-05c97345fad4
bd3eff56-5f73-4997-9668-0c4a3951ab5f,,41.110.30.2,42c6159c-c405-4a4b-9904-2a4a7ab81dd7
b355a588-3be9-49a0-a260-57090396092f,,41.110.30.2,42c6159c-c405-4a4b-9904-2a4a7ab81dd7
12cd82a1-3503-46a7-8c3d-67e7bea92c0e,,41.110.30.2,42c6159c-c405-4a4b-9904-2a4a7ab81dd7
48e5978b-0557-46e6-b53e-10193fc4e224,,41.110.30.2,42c6159c-c405-4a4b-9904-2a4a7ab81dd7
695a1d33-b7ba-42ab-bcb0-2b1d9317acf8,,41.110.30.2,42c6159c-c405-4a4b-9904-2a4a7ab81dd7
3c88f57b-c967-4c28-aaec-3974fc8b8ef9,,41.110.30.2,42c6159c-c405-4a4b-9904-2a4a7ab81dd7
8130f676-a254-48b9-8aa9-ec1fc244401c,,41.110.30.2,42c6159c-c405-4a4b-9904-2a4a7ab81dd7
c17aa4e7-8e48-4c6f-9297-6758a8568dc8,,41.110.30.2,42c6159c-c405-4a4b-9904-2a4a7ab81dd7
5b1b35b4-d168-4e00-99b1-05565d443cf5,,105.235.139.249,9676798c-5c31-410b-89c3-c0515c74a583
0dbf8cbf-f297-43fa-b3cb-38cd30c1065e,,105.235.139.249,9676798c-5c31-410b-89c3-c0515c74a583
a6b50ef1-0583-4fb9-b915-737905166fd8,,105.235.139.249,9676798c-5c31-410b-89c3-c0515c74a583
831f4563-4bb9-4f5b-abc3-aff2f37903f2,,105.235.139.249,9676798c-5c31-410b-89c3-c0515c74a583
e3556f8a-2bf9-4558-97c7-41538e7b8a29,,105.235.139.249,9676798c-5c31-410b-89c3-c0515c74a583
a2375fd7-d9a5-43cd-89e9-656ca630f9bb,,105.235.139.249,9676798c-5c31-410b-89c3-c0515c74a583
FAILED,,41.110.31.2,d3194901-b17f-4f88-8f6f-91bbfb33f156
FAILED,,41.110.31.2,d3194901-b17f-4f88-8f6f-91bbfb33f156
FAILED,,41.110.31.2,d3194901-b17f-4f88-8f6f-91bbfb33f156
FAILED,,41.110.31.2,d3194901-b17f-4f88-8f6f-91bbfb33f156
FAILED,,41.110.31.2,d3194901-b17f-4f88-8f6f-91bbfb33f156
FAILED,,41.110.31.2,d3194901-b17f-4f88-8f6f-91bbfb33f156
FAILED,,41.110.31.2,d3194901-b17f-4f88-8f6f-91bbfb33f156
FAILED,,41.110.31.2,d3194901-b17f-4f88-8f6f-91bbfb33f156
FAILED,,41.110.31.2,d3194901-b17f-4f88-8f6f-91bbfb33f156
FAILED,,41.110.31.2,d3194901-b17f-4f88-8f6f-91bbfb33f156
FAILED,,41.110.31.2,d3194901-b17f-4f88-8f6f-91bbfb33f156
37dd433d-5642-4e7d-b602-b6602c2f7908,,41.110.32.2,2f18d17e-f5f2-4d5a-af2e-31681b2cc431
819fc0f1-79c9-4c8b-b120-2de6043b2ca7,,41.110.32.2,2f18d17e-f5f2-4d5a-af2e-31681b2cc431
92c86d23-7633-4d13-a7c5-9861c6db995d,,41.110.32.2,2f18d17e-f5f2-4d5a-af2e-31681b2cc431
79070e9f-aeaa-4e2d-9ff5-551934595e11,,41.110.32.2,2f18d17e-f5f2-4d5a-af2e-31681b2cc431
d4db1351-2036-46b6-9d8b-4488be4672da,,41.110.32.2,2f18d17e-f5f2-4d5a-af2e-31681b2cc431
3fefc01c-db36-4235-aac0-93e39c5f6012,,41.110.32.2,2f18d17e-f5f2-4d5a-af2e-31681b2cc431
dd2807fb-41d5-4bd5-9fde-cc7e145ec31e,,41.110.32.2,2f18d17e-f5f2-4d5a-af2e-31681b2cc431
0cefd2d2-e99a-481f-af93-c1a114a75dfa,,41.110.32.2,2f18d17e-f5f2-4d5a-af2e-31681b2cc431
2b4498b2-5598-4878-84a7-58d20711b1e7,,41.110.30.2,42c6159c-c405-4a4b-9904-2a4a7ab81dd7
4e392588-83db-4185-9fca-2375fc9df727,,41.110.30.2,42c6159c-c405-4a4b-9904-2a4a7ab81dd7
5d917ab2-c604-4d48-bf3f-1ad8a32b9257,,41.110.30.2,42c6159c-c405-4a4b-9904-2a4a7ab81dd7
71c6e9f7-731a-4d8a-a39a-fdb00aef439e,,41.110.30.2,42c6159c-c405-4a4b-9904-2a4a7ab81dd7
f32cf3f7-3365-4cdf-941e-3096b930366b,,41.110.30.2,42c6159c-c405-4a4b-9904-2a4a7ab81dd7
0c982ea5-b163-4f96-b799-3584d0258346,,41.110.30.2,42c6159c-c405-4a4b-9904-2a4a7ab81dd7
b4bb6055-06e6-4c02-8114-1d30356adbdb,,41.110.30.2,42c6159c-c405-4a4b-9904-2a4a7ab81dd7
8c0e55cc-6be0-4d31-9d59-6e9fb3910430,,41.110.30.2,42c6159c-c405-4a4b-9904-2a4a7ab81dd7
e879736b-1ce0-483c-8010-be1e86b7e0b6,,105.235.139.249,9676798c-5c31-410b-89c3-c0515c74a583
c6999ce3-4f86-400d-ab58-8eddbb1310a5,,105.235.139.249,9676798c-5c31-410b-89c3-c0515c74a583
0d66ef5c-2edd-4131-b39e-a1b799c3f66a,,105.235.139.249,9676798c-5c31-410b-89c3-c0515c74a583
47dbc0e7-b111-4f50-8d5f-11dcf85680fa,,105.235.139.249,9676798c-5c31-410b-89c3-c0515c74a583
6fd4cf8d-6cc3-4aa7-ad79-4699686901c2,,105.235.139.249,9676798c-5c31-410b-89c3-c0515c74a583
a2e08e2b-967d-4bb7-abc4-f44d02ca1f2b,,105.235.139.249,9676798c-5c31-410b-89c3-c0515c74a583
e7fe5ac8-2749-48fa-8652-f3323240d3d4,,192.81.188.205,a80fa5bc-492a-49a5-8965-08df6654676b
db85d958-0514-44da-873b-cf958257ed13,,192.81.188.205,a80fa5bc-492a-49a5-8965-08df6654676b
908c45f1-fc94-405b-8a2e-008590644808,,192.81.188.205,a80fa5bc-492a-49a5-8965-08df6654676b
a1ddde69-3eae-421e-83c6-bfe72e128b19,,192.81.188.205,a80fa5bc-492a-49a5-8965-08df6654676b
b24c55e2-0a1e-4e07-80a9-f4c5d6491e67,,192.81.188.205,a80fa5bc-492a-49a5-8965-08df6654676b
